feature,mean_shap,abs_mean_shap,std_shap,type
ECFP6_3651,0.063073926,0.17315026,0.35285628,ECFP6 Fingerprint
mordred_NaaN,0.011612972,0.08099323,0.093395814,Mordred 2D
ECFP6_3526,0.010168842,0.06378961,0.19612071,ECFP6 Fingerprint
mordred_SLogP,0.00013398708,0.06169267,0.08148524,Mordred 2D
rdkit_BalabanJ,0.0054422743,0.0611062,0.08689372,RDKit 2D
mordred_ATSC0i,0.0017344835,0.05834895,0.07228467,Mordred 2D
mordred_SlogP_VSA4,0.0011254273,0.054933295,0.06434264,Mordred 2D
mordred_ATSC1i,0.0057381885,0.05204051,0.061823815,Mordred 2D
mordred_EState_VSA2,0.002370777,0.051044658,0.06264667,Mordred 2D
mordred_GATS5dv,0.0032977597,0.045465555,0.05366012,Mordred 2D
mordred_SlogP_VSA1,-0.0007215563,0.04345686,0.057859205,Mordred 2D
mordred_GATS6se,0.0077047935,0.043102544,0.06416454,Mordred 2D
mordred_GATS2i,0.00060279114,0.04300371,0.050481714,Mordred 2D
mordred_MINaasC,0.006438023,0.042457983,0.06331866,Mordred 2D
mordred_AATSC3dv,0.0008690131,0.042405896,0.05454979,Mordred 2D
ECFP6_1535,0.0076218667,0.04179955,0.07338959,ECFP6 Fingerprint
mordred_GATS4c,0.00072069996,0.04143814,0.057382874,Mordred 2D
mordred_GGI9,-0.0014121813,0.04124129,0.052785326,Mordred 2D
mordred_PEOE_VSA5,-0.00017753165,0.04012465,0.057538226,Mordred 2D
mordred_MATS4c,0.0016859821,0.038529307,0.04542779,Mordred 2D
rdkit_BCUT2D_MRHI,0.0020650374,0.038447447,0.048212774,RDKit 2D
mordred_ATSC3Z,0.00052153313,0.038250625,0.045818865,Mordred 2D
MACCS_133,0.0043400237,0.037846733,0.0440537,MACCS Key
rdkit_BCUT2D_MWLOW,-0.0026228789,0.03773686,0.05919976,RDKit 2D
mordred_AMID_N,0.0054389127,0.036013372,0.043159764,Mordred 2D
mordred_ATSC8v,-0.0026424027,0.035952684,0.04374971,Mordred 2D
mordred_MATS3c,-0.0006985444,0.035730857,0.07215044,Mordred 2D
mordred_MATS7c,0.0020401003,0.035112657,0.047537476,Mordred 2D
rdkit_BCUT2D_MRLOW,0.00078823674,0.034747362,0.05611272,RDKit 2D
mordred_AATS7se,0.0030855793,0.033662565,0.041744273,Mordred 2D
mordred_GGI5,0.0015472289,0.03348725,0.03860819,Mordred 2D
mordred_GGI8,0.0026719354,0.032848816,0.040087737,Mordred 2D
mordred_SlogP_VSA10,0.0023446102,0.03207912,0.038767364,Mordred 2D
mordred_VSA_EState7,0.003630496,0.031431437,0.03894736,Mordred 2D
mordred_ATS0Z,0.00064936903,0.030948121,0.04230784,Mordred 2D
rdkit_MaxPartialCharge,0.0064663477,0.03086243,0.051812597,RDKit 2D
mordred_GATS6Z,0.0001525083,0.030012678,0.036591154,Mordred 2D
mordred_MAXaasC,0.004359928,0.029517882,0.03661444,Mordred 2D
ECFP6_3009,0.0024403126,0.029264465,0.08189568,ECFP6 Fingerprint
mordred_BCUTdv-1h,-0.0012147939,0.029088983,0.055741917,Mordred 2D
mordred_ATS8dv,0.0052567776,0.028965058,0.034479633,Mordred 2D
mordred_MATS2c,-0.0003085159,0.028701855,0.058525663,Mordred 2D
MACCS_123,0.0005954059,0.028509341,0.046394628,MACCS Key
mordred_AATS1se,0.0027421922,0.028382245,0.033435713,Mordred 2D
rdkit_MaxAbsEStateIndex,0.004771294,0.02831463,0.069745295,RDKit 2D
mordred_AMID_h,0.001192115,0.028159268,0.045658957,Mordred 2D
mordred_GATS7p,0.0017621156,0.026412953,0.031290326,Mordred 2D
mordred_BalabanJ,-0.0012398156,0.026300417,0.057885755,Mordred 2D
mordred_MIC2,-0.0014471926,0.025903575,0.03238785,Mordred 2D
mordred_PEOE_VSA9,0.0022807084,0.02560306,0.03338746,Mordred 2D
mordred_SlogP_VSA5,0.001171783,0.025555782,0.04199487,Mordred 2D
mordred_AATS7p,-0.0018404616,0.025483897,0.030762576,Mordred 2D
mordred_ZMIC3,0.00053869124,0.02533394,0.048541307,Mordred 2D
mordred_BCUTi-1h,0.00048842747,0.025278483,0.037540343,Mordred 2D
ECFP6_3864,0.00095354364,0.024841417,0.044345744,ECFP6 Fingerprint
mordred_GATS3Z,9.291905e-05,0.024368338,0.03209951,Mordred 2D
mordred_AATS5d,0.0012130823,0.02415785,0.033093184,Mordred 2D
mordred_MATS5c,-0.0012663368,0.024151238,0.033178587,Mordred 2D
mordred_EState_VSA4,0.0019251776,0.023735356,0.034157343,Mordred 2D
mordred_PEOE_VSA8,0.0016132413,0.023706645,0.03666177,Mordred 2D
mordred_GATS8s,0.00011222025,0.023459986,0.037937336,Mordred 2D
mordred_AATS8i,0.0012995237,0.023396164,0.04289859,Mordred 2D
rdkit_MinAbsEStateIndex,-0.001043072,0.023183519,0.029364843,RDKit 2D
mordred_ETA_beta,0.0010178145,0.02315958,0.030173138,Mordred 2D
mordred_SMR_VSA7,0.00086921285,0.023145463,0.033044945,Mordred 2D
mordred_ATSC3dv,-0.00013401586,0.022821758,0.027120207,Mordred 2D
mordred_AATS5v,0.00090134447,0.022652922,0.029103413,Mordred 2D
mordred_GATS5d,0.0008153369,0.022624345,0.02779954,Mordred 2D
mordred_AATS7d,-0.0010794513,0.02258211,0.030467622,Mordred 2D
mordred_VSA_EState4,0.0017331055,0.022547925,0.029904341,Mordred 2D
mordred_AATSC8s,-3.2498883e-05,0.022323053,0.032920934,Mordred 2D
mordred_AATSC7i,-0.0013061685,0.022253629,0.038425162,Mordred 2D
mordred_GATS3c,0.0011131613,0.022249175,0.031106092,Mordred 2D
mordred_Xch-7dv,-0.0006154302,0.021824036,0.029829364,Mordred 2D
mordred_Xch-7d,0.00062093284,0.021647258,0.040947076,Mordred 2D
mordred_IC3,-0.0013117178,0.021489777,0.031382706,Mordred 2D
mordred_TopoPSA(NO),0.002462859,0.021467455,0.027788818,Mordred 2D
mordred_GATS1dv,0.00092114566,0.021299833,0.025871858,Mordred 2D
rdkit_BCUT2D_LOGPHI,0.00040910643,0.021118447,0.0326049,RDKit 2D
mordred_ATSC5s,-1.2392223e-06,0.021014992,0.038013626,Mordred 2D
mordred_AATSC3Z,0.0015318895,0.021007586,0.027385544,Mordred 2D
mordred_ATSC4p,0.00090301724,0.020973407,0.030828813,Mordred 2D
mordred_GATS4v,-0.0002621796,0.020964118,0.02877293,Mordred 2D
mordred_FilterItLogS,-0.0004049832,0.02084723,0.0340158,Mordred 2D
mordred_GATS3d,0.0006295531,0.020734094,0.027584234,Mordred 2D
mordred_GATS5c,0.00064352684,0.02071239,0.029027576,Mordred 2D
mordred_CIC3,0.0033417516,0.02066095,0.02784678,Mordred 2D
mordred_SsssCH,-0.0005459551,0.020564832,0.055182796,Mordred 2D
mordred_SlogP_VSA3,0.0008304669,0.020411558,0.02997403,Mordred 2D
mordred_MDEC-33,-0.001330443,0.020408984,0.036799125,Mordred 2D
mordred_EState_VSA7,-0.0003830413,0.020393906,0.026785038,Mordred 2D
mordred_GATS8Z,3.9438673e-05,0.020267978,0.026577888,Mordred 2D
mordred_AATSC4v,0.0018095622,0.020105476,0.033123914,Mordred 2D
mordred_SMR_VSA5,0.0024754677,0.020096656,0.030650854,Mordred 2D
mordred_ATSC5v,-0.0008057287,0.020017998,0.032155067,Mordred 2D
mordred_PEOE_VSA7,-0.00089225045,0.019928811,0.025252806,Mordred 2D
mordred_AATS2d,-0.0010400865,0.019921798,0.02650335,Mordred 2D
mordred_MATS7se,-0.0008420419,0.019909022,0.026315624,Mordred 2D
mordred_ATSC4c,-0.0021877072,0.019765353,0.026560409,Mordred 2D
mordred_SMR_VSA3,0.0021315797,0.019567695,0.023570687,Mordred 2D
mordred_GATS3s,0.00047248835,0.019495137,0.031039344,Mordred 2D
mordred_ATSC8c,0.0023801334,0.019455059,0.02709788,Mordred 2D
mordred_Xch-6d,0.0019085412,0.01942226,0.02582212,Mordred 2D
mordred_GATS8se,-0.0014827691,0.019370493,0.02608056,Mordred 2D
mordred_MINaaCH,0.00040059106,0.019062826,0.03810383,Mordred 2D
mordred_ATSC6v,0.0012277465,0.01896248,0.024327813,Mordred 2D
mordred_TopoPSA,0.0005863078,0.018896837,0.025031198,Mordred 2D
mordred_VE1_A,-0.00056062045,0.018816873,0.025154056,Mordred 2D
rdkit_SMR_VSA10,0.0015843811,0.018783692,0.027344221,RDKit 2D
mordred_AATSC5Z,0.0011029043,0.018633166,0.02316635,Mordred 2D
mordred_ATSC7v,0.0010105066,0.018582566,0.02291285,Mordred 2D
mordred_MATS8d,0.0024785614,0.018319668,0.026435636,Mordred 2D
mordred_MDEC-22,-0.0010900067,0.018224113,0.025072563,Mordred 2D
mordred_GATS7se,0.0013058691,0.018131271,0.026088804,Mordred 2D
mordred_AMID_O,-0.00024617647,0.01802983,0.02372057,Mordred 2D
mordred_MATS1d,0.0007805004,0.01786027,0.030581223,Mordred 2D
mordred_VSA_EState3,0.00068216014,0.017746208,0.027487373,Mordred 2D
mordred_GATS3i,-0.00028847085,0.017701954,0.021935087,Mordred 2D
mordred_AATS6p,0.0012487248,0.017628677,0.020803286,Mordred 2D
mordred_ATSC7c,0.000409902,0.017426264,0.022486756,Mordred 2D
mordred_AATS6v,-0.00018265213,0.017403448,0.024389466,Mordred 2D
mordred_GATS7v,0.0011892789,0.017349645,0.023387898,Mordred 2D
mordred_TSRW10,-0.00057892484,0.017339801,0.022067597,Mordred 2D
mordred_BCUTi-1l,-0.0006465681,0.017142748,0.024021648,Mordred 2D
mordred_GATS7i,-0.0006694458,0.017097002,0.022024907,Mordred 2D
mordred_GATS6c,-0.00042230784,0.01705161,0.04516914,Mordred 2D
mordred_CIC4,-0.00020828265,0.017038807,0.023184631,Mordred 2D
mordred_GATS6s,2.269741e-05,0.016868154,0.02222044,Mordred 2D
mordred_BCUTdv-1l,0.00093849987,0.016805694,0.030136157,Mordred 2D
mordred_ATSC3c,5.5673263e-05,0.01676029,0.025724337,Mordred 2D
mordred_AATS4v,0.0012138103,0.01674636,0.052643456,Mordred 2D
mordred_ATSC2c,2.6062695e-05,0.016586818,0.028232459,Mordred 2D
mordred_VSA_EState2,0.0011759204,0.016490575,0.026798997,Mordred 2D
mordred_SMR_VSA1,0.0019606275,0.016466968,0.021487463,Mordred 2D
rdkit_fr_pyridine,0.0029679944,0.016445883,0.029856162,RDKit 2D
ECFP6_3162,0.00062211446,0.016046647,0.025824875,ECFP6 Fingerprint
mordred_ATSC4dv,0.0014013962,0.016033234,0.021452988,Mordred 2D
mordred_AATSC3i,-0.001210854,0.016023424,0.022117823,Mordred 2D
rdkit_FpDensityMorgan2,0.0015743126,0.015882874,0.019431911,RDKit 2D
mordred_GATS8v,0.0036692552,0.015805118,0.019372689,Mordred 2D
rdkit_FpDensityMorgan1,-0.00019562416,0.01573808,0.02145533,RDKit 2D
mordred_AATSC4i,0.001543555,0.015681058,0.02801687,Mordred 2D
mordred_AATSC6Z,-0.0019149834,0.01566532,0.021724656,Mordred 2D
mordred_RotRatio,-0.0003856256,0.015605659,0.023250908,Mordred 2D
mordred_SssCH2,-0.0012072925,0.0156011805,0.021311037,Mordred 2D
mordred_PEOE_VSA4,0.0018723266,0.015552725,0.024958882,Mordred 2D
mordred_ATSC5d,0.0006212328,0.015536007,0.021792835,Mordred 2D
mordred_GATS5Z,0.0008906534,0.0154145835,0.021426853,Mordred 2D
mordred_GATS8c,-0.00030725735,0.015369204,0.020172263,Mordred 2D
mordred_ZMIC2,0.0005578817,0.015265326,0.019556023,Mordred 2D
mordred_GATS3dv,-0.00095618336,0.015181618,0.017821407,Mordred 2D
mordred_MATS1c,0.00051162887,0.015140267,0.019790925,Mordred 2D
mordred_GATS5p,0.0012799118,0.01513498,0.01915069,Mordred 2D
mordred_MATS6d,-0.00048189025,0.015113287,0.021423804,Mordred 2D
mordred_GATS4i,-0.00039508042,0.014994411,0.02007575,Mordred 2D
mordred_ATSC2Z,0.0028078915,0.014951906,0.021705,Mordred 2D
mordred_SMR_VSA4,-0.001961823,0.014829943,0.021769986,Mordred 2D
mordred_ATSC2v,0.0018409004,0.014813237,0.029665304,Mordred 2D
mordred_MATS3pe,0.0018366926,0.01476496,0.02021839,Mordred 2D
mordred_MATS7p,-0.00042762762,0.01463364,0.018505689,Mordred 2D
mordred_GATS1c,0.0010352415,0.014615759,0.018824585,Mordred 2D
mordred_ATSC3se,0.0024139392,0.014565489,0.017961912,Mordred 2D
rdkit_qed,-0.0017855961,0.014480078,0.020585336,RDKit 2D
mordred_AATSC6v,-0.0007913509,0.014465591,0.018119153,Mordred 2D
ECFP6_186,0.0076858117,0.014465546,0.056913204,ECFP6 Fingerprint
mordred_AATSC8Z,0.00017088949,0.014413676,0.01791841,Mordred 2D
mordred_GGI4,-0.0011443149,0.014300037,0.0169438,Mordred 2D
mordred_AATS8s,0.0024451176,0.014281504,0.018679228,Mordred 2D
mordred_ATSC8s,7.712605e-06,0.014270901,0.018677805,Mordred 2D
mordred_GATS7d,-0.00033105494,0.014266459,0.019311173,Mordred 2D
ECFP6_781,-0.0012118862,0.014260506,0.059286512,ECFP6 Fingerprint
mordred_ATSC7se,0.0016235899,0.014257868,0.018366596,Mordred 2D
mordred_ATSC6Z,0.0007919694,0.014244422,0.018541295,Mordred 2D
mordred_MATS5s,0.0002790514,0.014239459,0.020743923,Mordred 2D
mordred_PEOE_VSA6,0.00024181066,0.01417711,0.021138735,Mordred 2D
mordred_GATS4s,0.00023497023,0.014147867,0.0180633,Mordred 2D
mordred_MATS8i,-4.735518e-06,0.014129823,0.018954927,Mordred 2D
mordred_GATS6d,0.0019200472,0.014106117,0.01801682,Mordred 2D
mordred_ATSC7i,0.0015551578,0.014074943,0.021425778,Mordred 2D
mordred_PEOE_VSA10,0.000834721,0.013987356,0.020187695,Mordred 2D
mordred_MATS4se,0.0006249216,0.013891372,0.019084213,Mordred 2D
mordred_ATSC2i,0.0005408571,0.013806931,0.017150804,Mordred 2D
mordred_GATS4d,0.00077992445,0.013771414,0.018836973,Mordred 2D
mordred_MATS6se,0.0008807063,0.013766981,0.02045381,Mordred 2D
mordred_BertzCT,-0.000831457,0.013695004,0.018238677,Mordred 2D
MACCS_37,0.0020606795,0.013674846,0.032623593,MACCS Key
mordred_ATSC1pe,-0.00056906795,0.013674213,0.01975546,Mordred 2D
mordred_MATS6Z,-0.0016899756,0.013618014,0.01900462,Mordred 2D
rdkit_PEOE_VSA14,0.003869181,0.013556852,0.029539129,RDKit 2D
mordred_AATSC2Z,0.0014183153,0.01353231,0.021502525,Mordred 2D
mordred_GATS2c,-0.0008463396,0.013509339,0.018004267,Mordred 2D
mordred_MATS3i,-0.0011573507,0.013502899,0.02003746,Mordred 2D
mordred_GATS3p,0.0008628877,0.013494494,0.02018256,Mordred 2D
mordred_VR3_A,0.003050935,0.013469559,0.017185427,Mordred 2D
mordred_ATS3Z,-0.0019246935,0.013464224,0.01735632,Mordred 2D
mordred_ATSC5c,0.0008653183,0.0134319905,0.020500824,Mordred 2D
mordred_ATSC6se,0.0005643321,0.013403329,0.030220577,Mordred 2D
mordred_ATSC4v,-0.0006407054,0.013399776,0.017321793,Mordred 2D
mordred_GATS6i,0.00064266875,0.013369451,0.017762989,Mordred 2D
mordred_ATSC8p,-0.00045850998,0.013333142,0.017102351,Mordred 2D
mordred_AATSC8i,0.00013634622,0.013221432,0.017443204,Mordred 2D
mordred_GATS7c,3.2168264e-05,0.013215662,0.020601105,Mordred 2D
mordred_ATSC4se,-0.0003621762,0.012991846,0.018465692,Mordred 2D
mordred_GATS4se,0.00016000384,0.012754527,0.019219618,Mordred 2D
mordred_AATSC5i,-0.00014684077,0.012740158,0.016807452,Mordred 2D
mordred_ATSC7p,2.386598e-05,0.0127115995,0.019946508,Mordred 2D
mordred_ATSC4i,0.00096843333,0.012679913,0.021893915,Mordred 2D
mordred_PEOE_VSA11,-0.00021378654,0.0126674175,0.01895509,Mordred 2D
mordred_GATS6dv,-0.00015660065,0.012650575,0.018483015,Mordred 2D
mordred_ATS7dv,0.0009774554,0.012582306,0.016888784,Mordred 2D
mordred_EState_VSA3,0.0003155255,0.01256616,0.019232402,Mordred 2D
ECFP6_1390,0.0041658576,0.012543132,0.061911378,ECFP6 Fingerprint
mordred_Kier3,0.0013328979,0.0125355,0.015405274,Mordred 2D
mordred_ATSC1c,0.0014217929,0.0125116175,0.016758867,Mordred 2D
mordred_AATS4d,0.00047887594,0.012497952,0.017357547,Mordred 2D
mordred_MATS5i,0.00026284606,0.012487642,0.016238257,Mordred 2D
mordred_AATSC5v,0.00023906212,0.01242395,0.018010164,Mordred 2D
mordred_GATS6p,0.00036027213,0.012416732,0.016399566,Mordred 2D
rdkit_BCUT2D_CHGHI,0.0007213974,0.01240895,0.017155183,RDKit 2D
mordred_ATSC0c,6.0129354e-05,0.012401537,0.018531987,Mordred 2D
mordred_AATS7v,0.0039968323,0.012374973,0.022704538,Mordred 2D
ECFP6_3169,0.0038332588,0.012346684,0.053780112,ECFP6 Fingerprint
mordred_SlogP_VSA2,6.0913688e-05,0.012343313,0.025624102,Mordred 2D
mordred_TIC0,0.0015273392,0.01233949,0.01708751,Mordred 2D
mordred_MAXaaCH,-0.0016292748,0.012266655,0.01809663,Mordred 2D
mordred_AATSC1dv,0.00056100724,0.012208891,0.018864783,Mordred 2D
mordred_ATSC7d,0.0009128159,0.012145197,0.016430369,Mordred 2D
mordred_MATS7d,-0.00076194276,0.012137844,0.019224565,Mordred 2D
mordred_ATSC6c,-9.5973395e-05,0.012120327,0.015356743,Mordred 2D
mordred_GATS4dv,0.00026988264,0.012029606,0.017429076,Mordred 2D
mordred_VR1_A,0.00016500299,0.011925856,0.015813814,Mordred 2D
mordred_SMR_VSA9,6.159211e-05,0.01185417,0.0169534,Mordred 2D
mordred_ATSC2p,-0.00084094994,0.01183466,0.016678084,Mordred 2D
mordred_MATS8s,0.00040949005,0.011813702,0.015191671,Mordred 2D
mordred_BCUTd-1l,-0.0009951937,0.01173857,0.017393008,Mordred 2D
mordred_GATS2p,0.0010474715,0.011736298,0.015013578,Mordred 2D
mordred_Kier2,-0.00031055705,0.011715012,0.016756335,Mordred 2D
mordred_GATS5s,0.00021578748,0.0116750365,0.0169074,Mordred 2D
mordred_ATSC5dv,-0.0007201666,0.011645125,0.020003585,Mordred 2D
mordred_MATS5d,-0.0004587035,0.011594775,0.015164492,Mordred 2D
mordred_GATS7s,-0.0002866571,0.011572489,0.014843886,Mordred 2D
mordred_AATS1i,0.0034484703,0.011554864,0.017261501,Mordred 2D
mordred_GATS2v,0.001964802,0.011495134,0.014483077,Mordred 2D
mordred_AATS4p,0.0015240466,0.011465176,0.018000722,Mordred 2D
mordred_MATS5se,-0.00043519182,0.011435147,0.017521068,Mordred 2D
mordred_ATSC1dv,0.0004311869,0.011383831,0.01604404,Mordred 2D
mordred_ATSC8Z,0.00024391992,0.011356844,0.018123416,Mordred 2D
mordred_MATS1se,6.359261e-05,0.011353305,0.015843831,Mordred 2D
mordred_MATS5p,-0.00045871703,0.01132883,0.017239079,Mordred 2D
mordred_VSA_EState8,0.00058640615,0.01130536,0.015211837,Mordred 2D
mordred_AATSC3v,-1.1364865e-05,0.011301722,0.01485476,Mordred 2D
mordred_AATSC7Z,0.0008568408,0.011270694,0.019066362,Mordred 2D
rdkit_BCUT2D_LOGPLOW,-0.00014796494,0.011257868,0.016599694,RDKit 2D
mordred_ATSC1d,0.0013435928,0.011215834,0.018024772,Mordred 2D
mordred_GGI3,-0.00053017493,0.011173574,0.015163885,Mordred 2D
mordred_GATS1Z,0.00076795224,0.011165022,0.013925921,Mordred 2D
mordred_AATS3p,-4.426457e-05,0.011158397,0.016305203,Mordred 2D
mordred_MATS8c,0.00063349877,0.011060595,0.015094557,Mordred 2D
mordred_AATS5Z,-0.0022688692,0.011047517,0.014124837,Mordred 2D
mordred_ATSC5p,-0.0007650661,0.011041505,0.014198189,Mordred 2D
mordred_SdssC,0.0014417389,0.0109812645,0.014271922,Mordred 2D
mordred_MATS8p,0.0012586436,0.010961092,0.015902223,Mordred 2D
mordred_ATSC1Z,0.00011028853,0.010901372,0.01347896,Mordred 2D
mordred_AATSC8dv,0.0006266161,0.010878572,0.017965615,Mordred 2D
mordred_C2SP3,0.0016611115,0.010877569,0.01899188,Mordred 2D
mordred_MATS7s,0.002748129,0.010853796,0.015942536,Mordred 2D
mordred_AATS8p,-0.0010666519,0.010829417,0.013812757,Mordred 2D
mordred_AATSC5s,0.0007204562,0.010747214,0.014238779,Mordred 2D
mordred_AATSC2v,0.00072151225,0.010744662,0.014016742,Mordred 2D
mordred_Xc-3dv,-0.0014173124,0.010731417,0.018662471,Mordred 2D
mordred_MATS7Z,0.00063918054,0.010710756,0.015105733,Mordred 2D
mordred_GATS5se,0.0007990203,0.010683658,0.014393118,Mordred 2D
mordred_GATS1i,-0.00031812137,0.010620782,0.0148025425,Mordred 2D
mordred_GATS1s,0.0007145121,0.010584813,0.014701799,Mordred 2D
mordred_GATS8i,0.00030573126,0.010555819,0.014016296,Mordred 2D
mordred_ATSC6i,0.0020146142,0.010547146,0.015265187,Mordred 2D
mordred_AATS3d,0.00053504406,0.01053246,0.014360106,Mordred 2D
mordred_AATSC3s,-0.00027490774,0.010499062,0.014882653,Mordred 2D
mordred_GATS7Z,0.0005111462,0.010481499,0.015250582,Mordred 2D
mordred_AATS4i,0.0011841049,0.010440948,0.014318123,Mordred 2D
mordred_AATS8d,0.0013911362,0.0104113845,0.012913172,Mordred 2D
mordred_ATSC7Z,0.0016744001,0.010409922,0.021487335,Mordred 2D
mordred_AATSC0dv,0.0006576944,0.010403594,0.016652118,Mordred 2D
mordred_MDEC-23,-0.0006363879,0.010389305,0.015570934,Mordred 2D
mordred_AATSC6i,0.00053077587,0.010369004,0.014293389,Mordred 2D
mordred_ATSC7dv,0.0009475253,0.010267466,0.016156804,Mordred 2D
mordred_IC4,0.00020653529,0.010266079,0.013038997,Mordred 2D
mordred_BCUTs-1h,0.0015582868,0.010261386,0.0154834315,Mordred 2D
mordred_ATSC5i,-4.2381813e-05,0.010221065,0.014121878,Mordred 2D
mordred_MATS6c,-0.00041828677,0.0101787085,0.013233565,Mordred 2D
mordred_ATSC3d,0.00044808173,0.010144473,0.018980283,Mordred 2D
mordred_ATSC4d,-0.0001709102,0.010140356,0.019265793,Mordred 2D
mordred_AATS7i,-0.0006273482,0.010138371,0.018499693,Mordred 2D
mordred_VSA_EState5,-0.0008668731,0.010121875,0.01867907,Mordred 2D
mordred_CIC0,8.313113e-05,0.010116643,0.016972745,Mordred 2D
mordred_MATS4Z,0.0015814017,0.010084691,0.01579987,Mordred 2D
mordred_ATSC4s,0.0008369342,0.0100765,0.013851784,Mordred 2D
mordred_ATSC8dv,-0.00017138234,0.010075962,0.016513793,Mordred 2D
ECFP6_1809,0.0002241997,0.010070761,0.028583962,ECFP6 Fingerprint
mordred_GATS2Z,0.0016132462,0.010033466,0.013837112,Mordred 2D
mordred_AATSC4dv,0.00068480725,0.010013558,0.014051579,Mordred 2D
mordred_SpDiam_A,-0.0008937625,0.009986062,0.013813417,Mordred 2D
mordred_n6AHRing,-0.0016031711,0.009972686,0.015043133,Mordred 2D
mordred_ATSC3p,0.0007163111,0.009971663,0.01576838,Mordred 2D
mordred_GGI7,-0.000333975,0.009957699,0.012917587,Mordred 2D
mordred_ATSC8d,0.000757446,0.0099390205,0.0130903125,Mordred 2D
mordred_AATSC4Z,0.0009977842,0.0099333655,0.0136704575,Mordred 2D
mordred_GATS4Z,0.000608458,0.009892331,0.014543197,Mordred 2D
mordred_MATS8se,0.0012700829,0.009872664,0.01326615,Mordred 2D
mordred_GATS1se,0.00046951193,0.009840515,0.013537463,Mordred 2D
mordred_EState_VSA6,-0.00053765933,0.0098207975,0.01595073,Mordred 2D
mordred_ETA_beta_ns_d,-0.0007941127,0.009815031,0.013202996,Mordred 2D
mordred_AATS5i,0.0010072179,0.009719514,0.013193523,Mordred 2D
mordred_ATSC5se,0.0025083707,0.009686093,0.012902462,Mordred 2D
mordred_SlogP_VSA8,-0.0001942217,0.009651359,0.014803186,Mordred 2D
mordred_ATS8s,-0.00042283363,0.009628656,0.012241068,Mordred 2D
mordred_MATS2p,0.0003164377,0.009526737,0.012528969,Mordred 2D
mordred_AATS4se,0.0019373,0.009440605,0.012544733,Mordred 2D
mordred_GATS2dv,-0.00021265434,0.009427867,0.013282884,Mordred 2D
mordred_GATS2d,9.240465e-05,0.009383082,0.015623123,Mordred 2D
mordred_MATS3se,-0.00020445503,0.009367263,0.013274837,Mordred 2D
mordred_ATS2Z,0.0002480739,0.009326023,0.013244924,Mordred 2D
mordred_AATS0s,-8.417871e-05,0.009322972,0.013358253,Mordred 2D
mordred_AATSC8v,0.0012740648,0.009226189,0.012358777,Mordred 2D
mordred_AATS8v,0.00032354853,0.0092159035,0.011952566,Mordred 2D
rdkit_HallKierAlpha,0.0023596953,0.009172298,0.012736416,RDKit 2D
mordred_ATSC3s,0.001728645,0.009165263,0.011982218,Mordred 2D
mordred_ATSC2dv,0.0005544217,0.009062619,0.014002535,Mordred 2D
mordred_SaaaC,0.0010610989,0.009036864,0.01582355,Mordred 2D
mordred_MATS4s,-0.00057637726,0.009029883,0.013389382,Mordred 2D
mordred_mZagreb1,-0.0006436923,0.009023701,0.012963049,Mordred 2D
mordred_ATS1Z,-0.0004793315,0.009017985,0.013882671,Mordred 2D
mordred_SaasC,0.0010151144,0.008997854,0.01372823,Mordred 2D
ECFP6_703,0.00095904386,0.00894728,0.021634126,ECFP6 Fingerprint
mordred_GGI6,0.0020907922,0.0089283325,0.011740766,Mordred 2D
mordred_AATSC6dv,0.00033985873,0.008854237,0.012155518,Mordred 2D
MACCS_107,-0.00042231492,0.008842319,0.016334215,MACCS Key
mordred_SMR_VSA6,0.00060297037,0.008836525,0.01204266,Mordred 2D
mordred_GATS7dv,-0.00030006788,0.008822728,0.011880439,Mordred 2D
mordred_AETA_beta,0.00015135581,0.00881553,0.014314957,Mordred 2D
mordred_EState_VSA9,0.00024389329,0.008800742,0.012091355,Mordred 2D
mordred_ATSC2d,-0.0015191064,0.008792982,0.011510533,Mordred 2D
mordred_AATS0v,0.0003123522,0.008785535,0.018435702,Mordred 2D
mordred_ATSC1se,0.00086072343,0.008726759,0.014012097,Mordred 2D
mordred_GATS8dv,6.93979e-05,0.008720757,0.012182723,Mordred 2D
mordred_AATS8se,0.00054468977,0.0087142065,0.0118726725,Mordred 2D
mordred_nAromAtom,0.0018178158,0.008678958,0.011309393,Mordred 2D
mordred_EState_VSA5,0.0008154064,0.008658217,0.011028151,Mordred 2D
mordred_AATSC7s,-0.0015893261,0.008588093,0.012181259,Mordred 2D
mordred_ATSC1v,5.1471266e-05,0.008584621,0.011613565,Mordred 2D
mordred_BCUTd-1h,0.00063603214,0.00854945,0.011914534,Mordred 2D
mordred_ATSC6d,-0.0004712171,0.008542621,0.013529896,Mordred 2D
mordred_ATSC8i,0.0010223766,0.008532104,0.011183186,Mordred 2D
mordred_ATSC4Z,0.00082611,0.008519086,0.011921463,Mordred 2D
mordred_fragCpx,7.69845e-05,0.0085185645,0.0131580895,Mordred 2D
mordred_GATS8p,0.0013417082,0.008512159,0.01146289,Mordred 2D
mordred_ZMIC1,0.00069503556,0.008498307,0.012448141,Mordred 2D
mordred_ATSC7s,-7.4875425e-05,0.008492429,0.012078168,Mordred 2D
rdkit_AvgIpc,0.0014090947,0.008468146,0.011026339,RDKit 2D
mordred_Xc-5dv,3.2248463e-05,0.008415232,0.0119239325,Mordred 2D
mordred_MATS2i,-5.7530183e-06,0.008397755,0.011895579,Mordred 2D
mordred_AATSC1Z,-4.4569337e-05,0.008349544,0.011544969,Mordred 2D
mordred_GATS5v,0.0010479679,0.00832114,0.011144683,Mordred 2D
mordred_AATS5p,0.00047920254,0.00831841,0.011881597,Mordred 2D
ECFP6_1224,0.00016077417,0.008291694,0.023802679,ECFP6 Fingerprint
mordred_AATS2i,-0.00036840513,0.008289985,0.012007574,Mordred 2D
mordred_AATS3dv,-0.0015213803,0.008258223,0.01280492,Mordred 2D
mordred_GATS8d,0.00061790826,0.008224439,0.011492487,Mordred 2D
mordred_AATS3v,0.0007936265,0.008201262,0.012036283,Mordred 2D
MACCS_65,9.613299e-05,0.008172973,0.010060334,MACCS Key
mordred_PEOE_VSA1,0.00044605497,0.008158975,0.01242574,Mordred 2D
ECFP6_1964,0.0014515541,0.00813431,0.027359346,ECFP6 Fingerprint
mordred_IC2,0.00029092992,0.008108421,0.010706037,Mordred 2D
mordred_ATSC6dv,0.00026444296,0.008104764,0.012677409,Mordred 2D
mordred_AATS6s,0.00038334678,0.00802031,0.01063638,Mordred 2D
mordred_PEOE_VSA2,0.0011843061,0.008004846,0.013653988,Mordred 2D
mordred_nBase,0.00035870785,0.00799493,0.016195681,Mordred 2D
mordred_AATSC7v,0.001531366,0.007986086,0.010607147,Mordred 2D
rdkit_BCUT2D_MWHI,0.0011245679,0.00798029,0.011427343,RDKit 2D
mordred_AATSC2dv,0.00083491654,0.007972092,0.010900019,Mordred 2D
rdkit_MinEStateIndex,-0.000545752,0.007952709,0.011649427,RDKit 2D
mordred_AATS1p,-0.0009099118,0.007922565,0.01078944,Mordred 2D
mordred_IC1,-0.0014093312,0.007915752,0.012319875,Mordred 2D
ECFP6_2542,0.0023858196,0.00788801,0.024434002,ECFP6 Fingerprint
ECFP6_1238,-0.00057991757,0.007831303,0.027205337,ECFP6 Fingerprint
mordred_MATS2d,0.00020651337,0.0078026704,0.010578841,Mordred 2D
mordred_AATSC1s,-0.0010499306,0.0077993856,0.010422628,Mordred 2D
mordred_ATS0s,-0.0015039673,0.007796232,0.010065463,Mordred 2D
mordred_ATS4s,0.0018638438,0.007786431,0.015514635,Mordred 2D
mordred_MATS2se,9.4285046e-05,0.0077728117,0.011442209,Mordred 2D
mordred_GATS5i,0.0006258094,0.007733585,0.011303845,Mordred 2D
MACCS_62,0.00024575635,0.0077248057,0.010418425,MACCS Key
mordred_AATS6se,7.790878e-05,0.0077157933,0.010184638,Mordred 2D
mordred_AATS8dv,-0.0009932858,0.007695438,0.010580521,Mordred 2D
ECFP6_807,0.00021263093,0.007663967,0.011194688,ECFP6 Fingerprint
mordred_AATS4Z,-0.0001363936,0.0076236464,0.017882586,Mordred 2D
ECFP6_1956,-0.00066446024,0.0076178145,0.017083991,ECFP6 Fingerprint
mordred_MATS5Z,-0.00026999388,0.0075218845,0.010679785,Mordred 2D
mordred_ATS5s,-0.001103148,0.0075167655,0.010998937,Mordred 2D
mordred_bpol,0.00094614894,0.0075031905,0.01180996,Mordred 2D
mordred_AATSC6s,0.0004977138,0.0074848393,0.017195864,Mordred 2D
mordred_AATS6Z,0.0006837926,0.007450459,0.010179825,Mordred 2D
mordred_ATSC5Z,0.0004849429,0.00743504,0.010166007,Mordred 2D
mordred_fMF,4.3531523e-05,0.007421294,0.010730773,Mordred 2D
mordred_GATS2s,-0.0001830805,0.007387141,0.010204123,Mordred 2D
mordred_MATS1are,0.0005535037,0.0073616323,0.010023213,Mordred 2D
mordred_ATSC2s,0.00035567596,0.0073561696,0.010368683,Mordred 2D
mordred_AATS3i,0.001343341,0.007293496,0.011141436,Mordred 2D
mordred_AATS0i,0.0010818033,0.007268979,0.00984075,Mordred 2D
mordred_ATSC3i,0.00030924781,0.0072582704,0.010578552,Mordred 2D
mordred_ATS3dv,-0.0008635798,0.007255591,0.009482582,Mordred 2D
mordred_GATS4p,-0.0004506919,0.00721377,0.009949655,Mordred 2D
mordred_GATS6v,0.0010966016,0.0072060195,0.009512632,Mordred 2D
mordred_n5ARing,-0.0006628732,0.00720154,0.010413847,Mordred 2D
mordred_MATS6s,0.00083572307,0.007191086,0.010357603,Mordred 2D
mordred_AATSC7dv,0.0009564376,0.0071631134,0.0098170135,Mordred 2D
mordred_ATSC1s,-0.00025347705,0.0071249125,0.010371951,Mordred 2D
mordred_MATS7i,-0.00024830748,0.0071124635,0.010937277,Mordred 2D
mordred_MATS8Z,0.0009887306,0.0070528584,0.009181823,Mordred 2D
mordred_BCUTs-1l,-0.0002415479,0.0070165345,0.010079139,Mordred 2D
mordred_GATS3se,0.0008411723,0.0070091574,0.009481527,Mordred 2D
mordred_ATSC6p,0.0006255417,0.0069984905,0.0114932805,Mordred 2D
ECFP6_1225,0.00023992012,0.006975095,0.030374348,ECFP6 Fingerprint
mordred_AATS5se,-0.0012462336,0.00697465,0.009620892,Mordred 2D
mordred_MIC0,-0.00028551373,0.0069714473,0.010811161,Mordred 2D
mordred_AATS6i,-0.0005754159,0.006945278,0.009411999,Mordred 2D
ECFP6_337,0.00022887877,0.0069303764,0.018767497,ECFP6 Fingerprint
mordred_ATSC2se,-0.0017584724,0.0069067287,0.009576367,Mordred 2D
mordred_AATS5s,0.0009056702,0.006894535,0.009306207,Mordred 2D
mordred_AATSC5dv,0.0014501966,0.00687807,0.008936284,Mordred 2D
mordred_GATS3v,0.00056331337,0.006872993,0.010477959,Mordred 2D
mordred_GATS2se,-0.00021952628,0.006855326,0.00941963,Mordred 2D
mordred_MATS2s,4.28965e-05,0.0068412977,0.013220891,Mordred 2D
mordred_AATS3s,0.002168819,0.0068326746,0.010380139,Mordred 2D
ECFP6_1071,-0.000759236,0.006828435,0.029924596,ECFP6 Fingerprint
mordred_Xpc-4dv,0.0003029771,0.006819938,0.008976657,Mordred 2D
mordred_Xpc-4d,0.0013817437,0.006776299,0.008741851,Mordred 2D
mordred_MATS1dv,-0.00067552103,0.0067682327,0.00947929,Mordred 2D
mordred_AETA_eta_F,-0.001125232,0.0067308825,0.009028775,Mordred 2D
mordred_AATSC0i,0.0006019438,0.0067272913,0.009198934,Mordred 2D
mordred_AATS7s,9.344942e-05,0.00670768,0.009601265,Mordred 2D
mordred_ATS2s,-0.0004041488,0.006697787,0.009440544,Mordred 2D
mordred_MATS6i,0.00037165094,0.006666144,0.009806782,Mordred 2D
mordred_BCUTZ-1h,0.0015535001,0.006663634,0.0098857535,Mordred 2D
mordred_AATS7dv,0.0008237385,0.006661045,0.009712034,Mordred 2D
mordred_AETA_eta_R,0.0010874423,0.006656374,0.008989384,Mordred 2D
rdkit_SPS,-0.00024014132,0.006627344,0.00954892,RDKit 2D
mordred_PEOE_VSA13,0.00037153566,0.0066185123,0.019279027,Mordred 2D
mordred_MATS6p,0.00038285996,0.0065415744,0.010080287,Mordred 2D
mordred_VSA_EState1,0.0002158534,0.0065409644,0.008627174,Mordred 2D
mordred_ATSC1p,-4.5891793e-05,0.0065230117,0.00924081,Mordred 2D
mordred_GATS1d,-6.2182145e-05,0.0065052398,0.009362568,Mordred 2D
ECFP6_1697,-2.1213276e-05,0.0064615537,0.016522733,ECFP6 Fingerprint
mordred_AATS7Z,-7.7462806e-05,0.0064571165,0.009072796,Mordred 2D
rdkit_fr_bicyclic,-0.0006205559,0.00644439,0.012583392,RDKit 2D
mordred_AATS1Z,0.0003745523,0.006424257,0.010437243,Mordred 2D
mordred_ATSC0p,-0.0007268212,0.006375965,0.0104362685,Mordred 2D
mordred_AATS6dv,-0.0006591513,0.0063684387,0.009078065,Mordred 2D
mordred_AATS4s,0.0005885173,0.006366136,0.008544464,Mordred 2D
mordred_ATS3s,-0.00055670546,0.006328079,0.009228134,Mordred 2D
ECFP6_3143,0.0004278794,0.0062811957,0.023953198,ECFP6 Fingerprint
mordred_ETA_eta_B,-0.00062380254,0.006268198,0.010076325,Mordred 2D
mordred_ATS1dv,-0.00016521862,0.0062514776,0.008768624,Mordred 2D
ECFP6_518,-0.000682179,0.006248792,0.025051173,ECFP6 Fingerprint
mordred_ATSC8se,0.0014330957,0.006246639,0.0084482245,Mordred 2D
mordred_ATSC6s,-0.00011428204,0.006230424,0.0088161295,Mordred 2D
ECFP6_3327,0.00028710402,0.006229618,0.025444187,ECFP6 Fingerprint
mordred_GATS1v,0.00045336827,0.006220504,0.0147174075,Mordred 2D
mordred_CIC2,-6.747238e-05,0.0061208843,0.008506571,Mordred 2D
mordred_AATS6d,-0.001188641,0.0061071087,0.008227798,Mordred 2D
rdkit_VSA_EState10,0.00014868156,0.0060538356,0.009448876,RDKit 2D
mordred_ATS6s,0.00066833524,0.0060083065,0.009028334,Mordred 2D
mordred_BCUTv-1l,-0.0007151658,0.0059632035,0.008553663,Mordred 2D
mordred_GATS1p,4.68232e-07,0.0059624114,0.0083282655,Mordred 2D
mordred_ATS7s,0.0005410773,0.0059369407,0.0082503455,Mordred 2D
mordred_IC0,-0.00012357219,0.0059027188,0.008685564,Mordred 2D
mordred_AATS0d,0.00054266053,0.0058635157,0.009318328,Mordred 2D
mordred_NaaCH,1.5779386e-05,0.0058147227,0.008367116,Mordred 2D
mordred_AATSC0v,-0.0014498365,0.005787979,0.007589526,Mordred 2D
mordred_Xc-5d,0.00047762727,0.0057768994,0.008970577,Mordred 2D
mordred_HybRatio,-0.0006712847,0.005706187,0.008407534,Mordred 2D
mordred_AATS1dv,0.0010471276,0.0056723664,0.008412084,Mordred 2D
MACCS_49,0.0008281391,0.005655926,0.009682143,MACCS Key
mordred_AATS3se,0.00036832129,0.0056519923,0.008185457,Mordred 2D
mordred_ATSC0dv,-0.00012162063,0.0056327344,0.008429078,Mordred 2D
rdkit_NumAliphaticCarbocycles,-0.0006485417,0.0056147394,0.010716552,RDKit 2D
mordred_SpAbs_DzZ,-7.372141e-05,0.0056117037,0.007271214,Mordred 2D
mordred_AATS0p,0.0008452062,0.0055755987,0.0089323195,Mordred 2D
mordred_ATS0dv,0.00023136285,0.0055063325,0.0073305126,Mordred 2D
mordred_EState_VSA8,0.00038840034,0.0054792655,0.0076013645,Mordred 2D
mordred_MIC1,-0.00020949285,0.005476,0.007969903,Mordred 2D
mordred_BCUTv-1h,-0.00019960363,0.0054713455,0.009332345,Mordred 2D
mordred_AATS2s,-0.000614956,0.0054490683,0.007635252,Mordred 2D
mordred_AATS0se,-0.0006901692,0.00544879,0.008262337,Mordred 2D
mordred_ATS6dv,-0.0012253396,0.0053709485,0.0079889335,Mordred 2D
mordred_AETA_eta,0.00012281098,0.005362777,0.009324049,Mordred 2D
mordred_AATS3Z,-0.0003217025,0.0053450945,0.008351632,Mordred 2D
rdkit_BCUT2D_CHGLO,-0.00018691205,0.0052404744,0.007311658,RDKit 2D
mordred_AATS8Z,0.00087847,0.005236716,0.007563386,Mordred 2D
mordred_NdssC,-0.0018915373,0.005223431,0.010730639,Mordred 2D
mordred_ATSC3v,-0.00013991226,0.005217483,0.0076682065,Mordred 2D
mordred_n6aHRing,0.00082619744,0.005198138,0.011418833,Mordred 2D
mordred_AATS5dv,-0.00069221994,0.005176322,0.007292096,Mordred 2D
ECFP6_3024,0.0018497094,0.0051718904,0.024538953,ECFP6 Fingerprint
ECFP6_2941,0.0012462136,0.0051399814,0.02314696,ECFP6 Fingerprint
mordred_AATSC4s,0.00037982853,0.0051035513,0.0074997037,Mordred 2D
mordred_SM1_Dzse,0.00123066,0.0050988,0.0063360455,Mordred 2D
mordred_SaasN,0.00011331181,0.005020246,0.010684641,Mordred 2D
mordred_TIC1,0.0007484757,0.005005359,0.007970044,Mordred 2D
mordred_nG12FRing,0.00038898698,0.004992187,0.00861717,Mordred 2D
mordred_PEOE_VSA3,0.0004795812,0.0049909796,0.00899373,Mordred 2D
ECFP6_1939,-0.00014614135,0.004962055,0.01815253,ECFP6 Fingerprint
ECFP6_255,6.352134e-05,0.0048660035,0.016619585,ECFP6 Fingerprint
ECFP6_3770,5.4257293e-05,0.004850554,0.008475982,ECFP6 Fingerprint
mordred_AATS0dv,0.00044742267,0.004838812,0.0063045467,Mordred 2D
ECFP6_3570,5.9766724e-05,0.0048037954,0.019528832,ECFP6 Fingerprint
mordred_PEOE_VSA12,0.00030831134,0.0047573075,0.007180496,Mordred 2D
mordred_VSA_EState9,0.00023761243,0.0047320793,0.00803844,Mordred 2D
mordred_AATS2p,-0.0007614757,0.004695568,0.0069410107,Mordred 2D
ECFP6_2891,-0.00038515817,0.004657696,0.008294288,ECFP6 Fingerprint
ECFP6_1683,0.00016247932,0.004646494,0.0074257674,ECFP6 Fingerprint
ECFP6_378,0.00014136432,0.004631737,0.006862026,ECFP6 Fingerprint
MACCS_98,0.0003208876,0.0046058754,0.00672949,MACCS Key
mordred_nRot,0.00015326584,0.004582827,0.0069696303,Mordred 2D
ECFP6_2883,4.2148997e-05,0.0045156293,0.010366246,ECFP6 Fingerprint
ECFP6_2496,-0.000124335,0.004491738,0.010530271,ECFP6 Fingerprint
mordred_C1SP2,0.00022619372,0.004365956,0.006214623,Mordred 2D
mordred_CIC1,0.00042535595,0.004319349,0.005920867,Mordred 2D
rdkit_fr_Ar_N,0.00026865897,0.004302661,0.0063030827,RDKit 2D
mordred_NdsCH,-0.0012902752,0.004297701,0.009072111,Mordred 2D
ECFP6_2509,0.0012636458,0.0041938913,0.013117682,ECFP6 Fingerprint
ECFP6_3200,0.00066528114,0.0041892454,0.00632811,ECFP6 Fingerprint
mordred_SM1_DzZ,0.00095862465,0.00416922,0.006055484,Mordred 2D
mordred_NaasC,4.615787e-05,0.004157512,0.005696194,Mordred 2D
ECFP6_3629,0.0018537581,0.004153058,0.015616623,ECFP6 Fingerprint
ECFP6_2232,0.00029473673,0.004147225,0.013590551,ECFP6 Fingerprint
mordred_EState_VSA10,7.629351e-05,0.0040963376,0.005921133,Mordred 2D
mordred_AATS1s,-0.0006456866,0.0040724818,0.0057805055,Mordred 2D
mordred_AATS0Z,0.00012468368,0.004062705,0.006196969,Mordred 2D
ECFP6_2871,0.00202529,0.003980619,0.017556755,ECFP6 Fingerprint
mordred_nC,-0.00087780575,0.0039637876,0.0068440754,Mordred 2D
MACCS_106,0.0001806372,0.003960081,0.0064035505,MACCS Key
ECFP6_2646,-9.7708966e-05,0.00387645,0.01210317,ECFP6 Fingerprint
mordred_C1SP3,0.00018526266,0.003859041,0.0052677444,Mordred 2D
mordred_n10FRing,-2.8297549e-05,0.003857832,0.0064681536,Mordred 2D
ECFP6_2799,-0.00020800302,0.0038465993,0.01641024,ECFP6 Fingerprint
mordred_NssCH2,0.00053155096,0.0038395033,0.005935687,Mordred 2D
mordred_n9FARing,0.00045867477,0.0038178004,0.00861837,Mordred 2D
ECFP6_527,-1.7073893e-05,0.003803737,0.016950034,ECFP6 Fingerprint
mordred_SM1_Dzi,0.00016121256,0.0037878344,0.0090042045,Mordred 2D
mordred_ATSC0se,0.0002063398,0.003733158,0.0053532007,Mordred 2D
rdkit_fr_ester,-0.00028045123,0.003607526,0.008884729,RDKit 2D
mordred_NaaNH,0.00025879647,0.003594453,0.006888497,Mordred 2D
ECFP6_2966,0.00014900237,0.003563822,0.016129749,ECFP6 Fingerprint
mordred_Xc-3d,0.00056636,0.0035318101,0.005170442,Mordred 2D
ECFP6_3843,0.0010497307,0.003484938,0.020355912,ECFP6 Fingerprint
ECFP6_1586,0.001341523,0.0034622517,0.009365985,ECFP6 Fingerprint
ECFP6_1164,0.00014583324,0.0034504393,0.008158148,ECFP6 Fingerprint
mordred_ATS1s,-3.6173857e-05,0.0034041633,0.0049156067,Mordred 2D
ECFP6_231,-0.000406465,0.0033840858,0.009655954,ECFP6 Fingerprint
ECFP6_3663,0.00019567896,0.003362236,0.013460421,ECFP6 Fingerprint
mordred_ATSC0d,-0.0012287428,0.003355381,0.0047353846,Mordred 2D
mordred_n6Ring,0.0003791478,0.0032600733,0.0056342,Mordred 2D
mordred_EState_VSA1,-0.00031555846,0.0032356079,0.0060401475,Mordred 2D
mordred_n5AHRing,0.00029993142,0.0032095902,0.0058193817,Mordred 2D
mordred_n6ARing,0.00047228043,0.0031982476,0.0046229847,Mordred 2D
mordred_NsssCH,0.000144855,0.0031762016,0.006459346,Mordred 2D
ECFP6_1134,0.00012096219,0.003167188,0.013112377,ECFP6 Fingerprint
rdkit_NumSaturatedCarbocycles,0.00041685367,0.0031611996,0.006950499,RDKit 2D
MACCS_92,-0.00018269836,0.0031472559,0.004389922,MACCS Key
mordred_SM1_Dzv,0.000114779294,0.003147113,0.0053542983,Mordred 2D
rdkit_Ipc,0.00020439518,0.00313676,0.0047353166,RDKit 2D
mordred_SlogP_VSA11,0.00016458778,0.0031169767,0.0063576614,Mordred 2D
mordred_Xch-5d,0.00023707745,0.0030944853,0.0052499305,Mordred 2D
ECFP6_1397,1.256589e-06,0.0030938275,0.014235232,ECFP6 Fingerprint
ECFP6_3145,1.5607335e-05,0.0030881301,0.005875133,ECFP6 Fingerprint
MACCS_95,-6.2943116e-05,0.0030429747,0.0036248136,MACCS Key
MACCS_117,-0.00020970652,0.0029583701,0.0041817646,MACCS Key
rdkit_fr_aniline,-0.0002602858,0.0029553846,0.0040172297,RDKit 2D
ECFP6_1801,-0.0004359055,0.00294215,0.014250123,ECFP6 Fingerprint
MACCS_129,0.00018599755,0.0029231184,0.003907047,MACCS Key
ECFP6_3091,0.0009950089,0.002917318,0.007972156,ECFP6 Fingerprint
MACCS_77,0.0016610017,0.0028379387,0.004007916,MACCS Key
ECFP6_3470,-0.00031430513,0.0026757098,0.010165746,ECFP6 Fingerprint
mordred_n6aRing,3.671603e-05,0.002675329,0.003725527,Mordred 2D
MACCS_79,0.00042857323,0.0025681236,0.0042398633,MACCS Key
ECFP6_1567,-7.321364e-05,0.0025439397,0.006539946,ECFP6 Fingerprint
ECFP6_2957,0.0003220625,0.0025307422,0.0068109133,ECFP6 Fingerprint
ECFP6_2817,0.0001771725,0.0025250562,0.006559262,ECFP6 Fingerprint
ECFP6_3888,0.00078024145,0.0025241624,0.0071367663,ECFP6 Fingerprint
mordred_C2SP2,-0.00015996667,0.002510876,0.0042013493,Mordred 2D
ECFP6_2353,0.00016382779,0.0025070743,0.008080249,ECFP6 Fingerprint
mordred_Xc-4d,-0.0005388938,0.002493598,0.004417284,Mordred 2D
rdkit_NumAtomStereoCenters,0.0006591285,0.0024469276,0.004690558,RDKit 2D
mordred_n5Ring,-0.00042088382,0.0024430566,0.0052159163,Mordred 2D
ECFP6_1555,-0.00028274322,0.0024395739,0.009032995,ECFP6 Fingerprint
ECFP6_1802,-1.8275055e-05,0.0024332255,0.012815226,ECFP6 Fingerprint
mordred_AATS2Z,-0.00087685994,0.002404104,0.0040100184,Mordred 2D
mordred_SpAbs_A,0.00017072003,0.0023987768,0.004005691,Mordred 2D
ECFP6_1634,0.00046765205,0.0023983554,0.006980517,ECFP6 Fingerprint
ECFP6_1861,-2.1516169e-06,0.002388066,0.012078806,ECFP6 Fingerprint
ECFP6_2116,0.00018461893,0.0021955417,0.011640758,ECFP6 Fingerprint
mordred_nG12FAHRing,0.000121164725,0.0021946866,0.0052143876,Mordred 2D
mordred_nBondsD,0.00016386039,0.002188959,0.0040946407,Mordred 2D
ECFP6_2972,0.00025554333,0.0021270954,0.0064514754,ECFP6 Fingerprint
mordred_NdsN,9.717717e-05,0.0021148499,0.0045626676,Mordred 2D
mordred_nAtom,-1.1461054e-05,0.002089917,0.0037830123,Mordred 2D
MACCS_47,2.3148503e-05,0.0020802927,0.0044398042,MACCS Key
rdkit_fr_allylic_oxid,-4.303913e-05,0.0020595498,0.0050501064,RDKit 2D
MACCS_85,0.00014422653,0.0020415108,0.0037501967,MACCS Key
ECFP6_1967,-3.9763922e-06,0.0019999025,0.009786055,ECFP6 Fingerprint
ECFP6_1236,0.00014889221,0.001976493,0.0050979895,ECFP6 Fingerprint
MACCS_110,-0.00025116486,0.0019593528,0.0032699245,MACCS Key
ECFP6_2773,-8.961558e-05,0.0019412282,0.008526692,ECFP6 Fingerprint
rdkit_fr_imidazole,-0.0005268195,0.0019355445,0.0039865896,RDKit 2D
ECFP6_3901,0.0004848443,0.0019231502,0.005876735,ECFP6 Fingerprint
ECFP6_2715,0.00012388101,0.0019157014,0.004173043,ECFP6 Fingerprint
ECFP6_3230,9.192048e-06,0.0019134076,0.00738874,ECFP6 Fingerprint
rdkit_fr_Ar_OH,5.7671503e-05,0.0019129694,0.0071929325,RDKit 2D
ECFP6_3650,-7.434312e-05,0.0018843234,0.0042719836,ECFP6 Fingerprint
ECFP6_2727,6.0974384e-05,0.0018804158,0.007992926,ECFP6 Fingerprint
ECFP6_1797,0.00058423454,0.0018766808,0.010895321,ECFP6 Fingerprint
ECFP6_191,-0.00017410686,0.0018624038,0.0034940874,ECFP6 Fingerprint
MACCS_13,-0.00018046216,0.0018517227,0.007875415,MACCS Key
MACCS_154,1.636134e-05,0.0018487679,0.0035477781,MACCS Key
mordred_nHRing,-0.0001646078,0.0018255798,0.0048510893,Mordred 2D
mordred_NdO,-0.00020582262,0.0017997829,0.0037535976,Mordred 2D
rdkit_fr_NH1,2.0834223e-05,0.0017875215,0.0032025643,RDKit 2D
ECFP6_2175,0.00015034647,0.0017689975,0.0073939306,ECFP6 Fingerprint
ECFP6_3996,0.00020489859,0.0017144188,0.0076314434,ECFP6 Fingerprint
mordred_nH,9.917545e-05,0.0017071649,0.0032226222,Mordred 2D
MACCS_157,2.3571236e-05,0.0016415771,0.0026575853,MACCS Key
ECFP6_1010,0.0006942042,0.0016185562,0.005333113,ECFP6 Fingerprint
mordred_SssssC,7.123537e-05,0.0015965927,0.002725813,Mordred 2D
MACCS_38,-0.00033762882,0.0015596176,0.0023213811,MACCS Key
rdkit_NOCount,0.0004296889,0.0015567134,0.002908748,RDKit 2D
MACCS_93,9.5288386e-05,0.0015364713,0.0026814318,MACCS Key
ECFP6_664,-1.1936719e-05,0.0015252049,0.005854843,ECFP6 Fingerprint
ECFP6_464,-0.00011703724,0.0015110333,0.003861082,ECFP6 Fingerprint
ECFP6_3802,0.00039835868,0.0014889009,0.0024876813,ECFP6 Fingerprint
ECFP6_494,0.0001753655,0.0014766894,0.006403071,ECFP6 Fingerprint
rdkit_SlogP_VSA12,-0.00026632828,0.0014648414,0.002998818,RDKit 2D
MACCS_109,-4.6804693e-05,0.0014609715,0.0028541207,MACCS Key
MACCS_113,8.000304e-05,0.0014553234,0.0023640809,MACCS Key
ECFP6_2476,0.00012290494,0.0014533869,0.005429058,ECFP6 Fingerprint
rdkit_fr_aryl_methyl,8.123271e-05,0.0014495278,0.0029234274,RDKit 2D
ECFP6_1630,-0.00012986924,0.001407733,0.005570249,ECFP6 Fingerprint
mordred_nHBAcc,-0.00033855846,0.001405427,0.0055158823,Mordred 2D
MACCS_144,0.00014721592,0.0014039169,0.0027544778,MACCS Key
ECFP6_729,2.4579127e-05,0.0014016853,0.0068116817,ECFP6 Fingerprint
MACCS_101,-2.9334788e-05,0.0013877646,0.002367202,MACCS Key
ECFP6_1831,-0.00011428042,0.0013860886,0.00650926,ECFP6 Fingerprint
ECFP6_3823,2.15019e-05,0.0013846965,0.005984128,ECFP6 Fingerprint
mordred_nN,-0.00014440459,0.0013790296,0.0030268766,Mordred 2D
ECFP6_1655,0.00033309596,0.001367894,0.005378227,ECFP6 Fingerprint
ECFP6_3786,-2.5892807e-05,0.0013642404,0.0039507174,ECFP6 Fingerprint
mordred_NssNH,0.0002855121,0.0013548324,0.0027085568,Mordred 2D
ECFP6_1855,2.3695518e-05,0.001353573,0.0024353086,ECFP6 Fingerprint
ECFP6_3959,-0.00022000767,0.0013496673,0.0028890674,ECFP6 Fingerprint
ECFP6_638,0.00013628826,0.0013494221,0.0046808985,ECFP6 Fingerprint
ECFP6_1970,0.0003045394,0.0013485157,0.0026556265,ECFP6 Fingerprint
ECFP6_2881,9.585215e-05,0.0013456887,0.0059861,ECFP6 Fingerprint
mordred_nO,8.8250825e-05,0.0013196042,0.0027906974,Mordred 2D
mordred_nBondsKD,7.9671554e-05,0.0013098065,0.002686272,Mordred 2D
mordred_NssO,-0.0002254119,0.0012949052,0.0024033613,Mordred 2D
ECFP6_4009,-5.8594487e-06,0.0012843703,0.0066458564,ECFP6 Fingerprint
MACCS_136,-0.000112620706,0.0012823738,0.0030931958,MACCS Key
rdkit_fr_NH0,0.00011956244,0.0012769469,0.002467953,RDKit 2D
mordred_NaaaC,-0.00013068723,0.001266039,0.0027243886,Mordred 2D
ECFP6_216,6.5435066e-05,0.0012607542,0.0025885163,ECFP6 Fingerprint
MACCS_90,8.1729595e-05,0.0012596459,0.004380251,MACCS Key
ECFP6_1691,0.00015552355,0.001242713,0.0070025623,ECFP6 Fingerprint
ECFP6_821,9.954545e-05,0.0012421213,0.0036419337,ECFP6 Fingerprint
MACCS_80,0.00046901155,0.0012117303,0.0021771756,MACCS Key
ECFP6_364,0.00015617667,0.0011955043,0.005471409,ECFP6 Fingerprint
ECFP6_361,0.00013444522,0.00117391,0.0034956324,ECFP6 Fingerprint
mordred_nG12FARing,-9.918726e-05,0.0011707768,0.002950246,Mordred 2D
mordred_GGI1,-5.6198092e-05,0.0011658024,0.0025412242,Mordred 2D
ECFP6_1082,0.00049902755,0.0011509303,0.0032016516,ECFP6 Fingerprint
mordred_n6HRing,0.0001625621,0.0011501497,0.0029325609,Mordred 2D
mordred_nFRing,0.00023921147,0.0011154027,0.001729995,Mordred 2D
mordred_n9FRing,-0.00011038827,0.001106954,0.0023711794,Mordred 2D
rdkit_NumAmideBonds,0.00023193123,0.0011031801,0.0035315224,RDKit 2D
mordred_nX,-0.00015431514,0.0010940073,0.0025489056,Mordred 2D
ECFP6_1746,-1.163442e-05,0.0010929459,0.004835261,ECFP6 Fingerprint
ECFP6_389,0.00034832646,0.0010928762,0.0019119668,ECFP6 Fingerprint
ECFP6_2137,0.00021278548,0.0010898256,0.005420096,ECFP6 Fingerprint
ECFP6_1917,-0.00011983068,0.0010642365,0.0022682685,ECFP6 Fingerprint
mordred_NsOH,-7.677995e-05,0.0010619642,0.002277962,Mordred 2D
ECFP6_2555,-0.000103907034,0.001029567,0.003259187,ECFP6 Fingerprint
rdkit_NumUnspecifiedAtomStereoCenters,-5.5774784e-05,0.0010233705,0.0024956656,RDKit 2D
ECFP6_2270,-0.00014576978,0.0010192145,0.0023656897,ECFP6 Fingerprint
MACCS_25,-5.0990107e-05,0.0010152059,0.002125409,MACCS Key
mordred_nARing,-8.888032e-05,0.0009698628,0.002132547,Mordred 2D
mordred_nHBDon,-6.8826426e-05,0.0009466825,0.0021961874,Mordred 2D
rdkit_fr_Al_OH_noTert,-5.4135213e-05,0.000938325,0.0022851268,RDKit 2D
MACCS_152,-0.00029220883,0.00092112,0.0017189062,MACCS Key
ECFP6_248,0.00010013795,0.00091638794,0.0028237333,ECFP6 Fingerprint
ECFP6_2049,0.000119156626,0.0009150118,0.002448739,ECFP6 Fingerprint
ECFP6_2321,-0.00019091973,0.00091348536,0.0035596432,ECFP6 Fingerprint
mordred_nG12FHRing,0.00013467048,0.00089419424,0.0025536169,Mordred 2D
ECFP6_3342,-6.831731e-05,0.00087600184,0.0032349941,ECFP6 Fingerprint
MACCS_104,0.0001473738,0.0008666223,0.0020787206,MACCS Key
ECFP6_2275,0.0001300728,0.00086638227,0.0028073476,ECFP6 Fingerprint
mordred_NssS,-2.0344419e-06,0.00085709937,0.0023708344,Mordred 2D
ECFP6_1969,4.1666635e-06,0.0008423079,0.004644282,ECFP6 Fingerprint
ECFP6_3655,-1.4161047e-05,0.0008343198,0.0025239259,ECFP6 Fingerprint
ECFP6_94,-0.00018914253,0.00083399995,0.0022993898,ECFP6 Fingerprint
ECFP6_3216,0.00015323145,0.00082871894,0.0028706975,ECFP6 Fingerprint
ECFP6_2639,-2.140467e-05,0.00082138245,0.002526133,ECFP6 Fingerprint
mordred_nHetero,0.00053639524,0.00081697543,0.0016968508,Mordred 2D
ECFP6_88,2.6430436e-05,0.0008071548,0.0042370986,ECFP6 Fingerprint
ECFP6_102,7.176048e-05,0.00077598135,0.002846146,ECFP6 Fingerprint
ECFP6_828,5.171579e-05,0.0007669964,0.0032005417,ECFP6 Fingerprint
ECFP6_1066,5.597354e-05,0.00076309673,0.0017379482,ECFP6 Fingerprint
ECFP6_2795,-2.201085e-06,0.0007601996,0.0025212048,ECFP6 Fingerprint
ECFP6_2213,9.146975e-05,0.0007601846,0.0022521387,ECFP6 Fingerprint
MACCS_130,-0.00031738117,0.00073923776,0.0016928161,MACCS Key
ECFP6_3839,-5.5289165e-05,0.00072518614,0.0025414028,ECFP6 Fingerprint
MACCS_83,0.00032972684,0.0007147086,0.0017460721,MACCS Key
ECFP6_2983,-2.174594e-05,0.000713013,0.0014456501,ECFP6 Fingerprint
mordred_NsssN,-4.9514834e-05,0.0007060583,0.0016572147,Mordred 2D
ECFP6_3914,-3.4892044e-05,0.00070401153,0.0015320339,ECFP6 Fingerprint
ECFP6_3500,2.2212955e-05,0.0007022909,0.0016461199,ECFP6 Fingerprint
ECFP6_147,-0.00017965256,0.00069939095,0.0025716294,ECFP6 Fingerprint
ECFP6_2281,0.0003326211,0.0006941369,0.0023497073,ECFP6 Fingerprint
ECFP6_2944,0.00015839844,0.0006941285,0.0017668733,ECFP6 Fingerprint
MACCS_142,-2.9400408e-05,0.0006919704,0.0015379619,MACCS Key
ECFP6_1272,-0.0003125038,0.00068075466,0.0027028827,ECFP6 Fingerprint
ECFP6_1512,-2.9828698e-05,0.000667048,0.0032818737,ECFP6 Fingerprint
ECFP6_1931,0.00023985149,0.0006659474,0.0029200097,ECFP6 Fingerprint
ECFP6_4026,0.0001613412,0.000663281,0.001928125,ECFP6 Fingerprint
MACCS_148,3.1136406e-05,0.0006626608,0.001770406,MACCS Key
ECFP6_4057,-1.3304577e-05,0.00065294415,0.0018035773,ECFP6 Fingerprint
MACCS_74,-0.00014594477,0.00063245854,0.0017243297,MACCS Key
mordred_naHRing,-9.582447e-05,0.0006312381,0.0012070973,Mordred 2D
mordred_Xc-6d,-0.00010559863,0.00062060263,0.0013159249,Mordred 2D
ECFP6_2828,2.6761956e-05,0.0006142598,0.0031130926,ECFP6 Fingerprint
ECFP6_2534,2.4983201e-05,0.00057513337,0.0015343027,ECFP6 Fingerprint
ECFP6_699,5.1935636e-05,0.00057450845,0.0015524344,ECFP6 Fingerprint
rdkit_fr_thiazole,-5.517678e-07,0.0005607503,0.0014010284,RDKit 2D
ECFP6_2793,4.20841e-05,0.0005565249,0.0021687413,ECFP6 Fingerprint
ECFP6_1292,-0.00016798648,0.0005535746,0.0023547977,ECFP6 Fingerprint
ECFP6_1162,2.6332717e-05,0.0005513947,0.0018497845,ECFP6 Fingerprint
mordred_n10FaHRing,5.572591e-05,0.000541523,0.0017313035,Mordred 2D
MACCS_81,3.756039e-05,0.0005384809,0.0014684587,MACCS Key
ECFP6_725,8.912442e-05,0.0005379466,0.0013457094,ECFP6 Fingerprint
ECFP6_3031,-4.235693e-06,0.00053562166,0.0025908332,ECFP6 Fingerprint
ECFP6_2926,-9.1914146e-05,0.00053286686,0.0016451476,ECFP6 Fingerprint
ECFP6_2766,4.539923e-05,0.00051825057,0.0011851316,ECFP6 Fingerprint
ECFP6_1308,-2.540868e-05,0.00051058916,0.0015740084,ECFP6 Fingerprint
MACCS_122,-0.00011614401,0.000508355,0.0012397509,MACCS Key
MACCS_19,-0.0001011638,0.0005016151,0.0021379814,MACCS Key
ECFP6_623,-2.479694e-05,0.0004999077,0.0025293035,ECFP6 Fingerprint
ECFP6_984,8.987833e-05,0.00049712666,0.0017805991,ECFP6 Fingerprint
ECFP6_695,-3.4813012e-05,0.00049462536,0.0014015113,ECFP6 Fingerprint
MACCS_99,9.0785325e-05,0.0004920299,0.0010979078,MACCS Key
MACCS_50,0.00028461358,0.00048773384,0.0013849399,MACCS Key
ECFP6_1783,9.6977645e-05,0.0004732625,0.0016783316,ECFP6 Fingerprint
mordred_nS,0.00011803922,0.0004710491,0.00091286807,Mordred 2D
ECFP6_2940,-2.1367427e-05,0.0004670546,0.0019872652,ECFP6 Fingerprint
MACCS_73,1.2193947e-05,0.00046140872,0.00155571,MACCS Key
ECFP6_779,-2.1159378e-05,0.00045754877,0.0027783974,ECFP6 Fingerprint
MACCS_72,-7.0932154e-05,0.00045650717,0.0014126819,MACCS Key
ECFP6_2590,0.00016058642,0.00045618706,0.002995835,ECFP6 Fingerprint
ECFP6_1145,0.0001480383,0.00045553703,0.0010057717,ECFP6 Fingerprint
ECFP6_1336,0.000100042766,0.00045441953,0.0015607792,ECFP6 Fingerprint
mordred_nFaRing,3.3302702e-05,0.00045381603,0.0009666729,Mordred 2D
ECFP6_1101,4.7335194e-05,0.00044039064,0.0012167344,ECFP6 Fingerprint
ECFP6_864,3.4697186e-05,0.00043533428,0.0015947939,ECFP6 Fingerprint
ECFP6_2041,-5.6286342e-05,0.00043491958,0.001700298,ECFP6 Fingerprint
ECFP6_1649,2.9104625e-05,0.0004330417,0.0015201932,ECFP6 Fingerprint
ECFP6_1747,-4.8270726e-05,0.00043262047,0.0016730386,ECFP6 Fingerprint
ECFP6_2088,-7.018214e-05,0.00043135858,0.0022737228,ECFP6 Fingerprint
MACCS_89,3.0497818e-05,0.0004313219,0.0013263018,MACCS Key
ECFP6_230,1.6954265e-05,0.00042940874,0.0021175449,ECFP6 Fingerprint
ECFP6_2091,-8.090583e-05,0.00042885944,0.0017765024,ECFP6 Fingerprint
ECFP6_2974,3.202165e-05,0.00042851904,0.0012245129,ECFP6 Fingerprint
rdkit_fr_amidine,-2.6103502e-05,0.00042795355,0.0017122225,RDKit 2D
ECFP6_1233,6.906368e-05,0.0004249372,0.0014416613,ECFP6 Fingerprint
ECFP6_1920,2.8858027e-05,0.00042061444,0.0016722057,ECFP6 Fingerprint
MACCS_128,-3.0999367e-05,0.00041718342,0.00084463094,MACCS Key
ECFP6_3665,-3.8025973e-05,0.00041327294,0.0015294685,ECFP6 Fingerprint
ECFP6_4000,-3.718918e-05,0.00041030155,0.0012925494,ECFP6 Fingerprint
ECFP6_843,-0.00010501503,0.00040351454,0.0018177399,ECFP6 Fingerprint
ECFP6_1447,-6.089261e-06,0.00040351067,0.0015746176,ECFP6 Fingerprint
ECFP6_2052,-3.522318e-05,0.00040158705,0.0016688264,ECFP6 Fingerprint
ECFP6_1689,4.7258512e-05,0.00039352398,0.0017296888,ECFP6 Fingerprint
ECFP6_3190,-8.929674e-05,0.00038830462,0.001703243,ECFP6 Fingerprint
MACCS_156,-0.00011940388,0.00038703592,0.0012232673,MACCS Key
rdkit_fr_unbrch_alkane,6.830573e-05,0.0003850238,0.0019035116,RDKit 2D
rdkit_NumAromaticCarbocycles,1.3020068e-05,0.00037767945,0.0013212028,RDKit 2D
ECFP6_2787,0.00010053668,0.00037347787,0.0013930097,ECFP6 Fingerprint
mordred_n10FaRing,-3.686943e-05,0.00037171633,0.0010039462,Mordred 2D
ECFP6_811,-7.655148e-06,0.00036752457,0.0015947146,ECFP6 Fingerprint
ECFP6_261,-2.6841133e-05,0.00035798576,0.0014467671,ECFP6 Fingerprint
ECFP6_2895,6.110189e-05,0.00035480905,0.0013038632,ECFP6 Fingerprint
ECFP6_951,-1.2339743e-05,0.00035472363,0.0014620352,ECFP6 Fingerprint
ECFP6_3778,4.260953e-05,0.00034602018,0.0013580744,ECFP6 Fingerprint
ECFP6_1973,-1.4439748e-05,0.0003453773,0.0018277853,ECFP6 Fingerprint
ECFP6_740,-3.53426e-05,0.00034292042,0.0014150672,ECFP6 Fingerprint
ECFP6_2289,1.4085209e-05,0.00034114943,0.0015286714,ECFP6 Fingerprint
ECFP6_1693,-3.6691534e-05,0.00033881358,0.0016367014,ECFP6 Fingerprint
ECFP6_3465,4.0543004e-05,0.00033840473,0.0015895944,ECFP6 Fingerprint
ECFP6_641,0.000108679196,0.00033672256,0.0015602733,ECFP6 Fingerprint
ECFP6_1916,-1.9721067e-05,0.00033531306,0.0017883268,ECFP6 Fingerprint
ECFP6_3862,-9.919143e-06,0.00033420013,0.001403903,ECFP6 Fingerprint
ECFP6_950,3.6982547e-05,0.00033388488,0.0013786004,ECFP6 Fingerprint
ECFP6_3549,7.627051e-05,0.00032944017,0.0011329764,ECFP6 Fingerprint
ECFP6_242,-2.7490323e-05,0.0003266908,0.0014572333,ECFP6 Fingerprint
ECFP6_92,2.0642963e-05,0.00032657356,0.0013029623,ECFP6 Fingerprint
ECFP6_1475,6.1713963e-06,0.00032466292,0.0016245585,ECFP6 Fingerprint
ECFP6_1972,3.3414886e-05,0.00032416428,0.0010797854,ECFP6 Fingerprint
MACCS_153,-4.8313304e-05,0.00031927365,0.0009999566,MACCS Key
ECFP6_1285,-7.212975e-05,0.00031377064,0.0017950517,ECFP6 Fingerprint
ECFP6_1589,-2.9370975e-05,0.00031334642,0.0011685374,ECFP6 Fingerprint
MACCS_137,5.5225566e-05,0.0003119598,0.0011853224,MACCS Key
ECFP6_3766,-6.449743e-05,0.00029644117,0.0012183232,ECFP6 Fingerprint
ECFP6_561,1.3942961e-05,0.0002962533,0.000777352,ECFP6 Fingerprint
rdkit_NumSaturatedHeterocycles,-2.714161e-06,0.00029266387,0.000982325,RDKit 2D
ECFP6_441,8.854778e-05,0.00028817105,0.0012091044,ECFP6 Fingerprint
MACCS_86,-7.25921e-05,0.00028583047,0.000861918,MACCS Key
ECFP6_961,4.1783565e-05,0.00028472196,0.0010179067,ECFP6 Fingerprint
ECFP6_932,4.745555e-05,0.00027979462,0.0010929886,ECFP6 Fingerprint
ECFP6_1520,-5.1631494e-05,0.000274363,0.0013737166,ECFP6 Fingerprint
rdkit_fr_C_O,8.566176e-06,0.00026574027,0.0007403048,RDKit 2D
ECFP6_1045,9.176808e-05,0.000263998,0.0011286313,ECFP6 Fingerprint
ECFP6_675,-1.3932336e-05,0.00026306347,0.0009549089,ECFP6 Fingerprint
MACCS_121,-6.5814994e-08,0.00025406896,0.00065756025,MACCS Key
MACCS_120,1.8384544e-05,0.00025242436,0.0006457716,MACCS Key
ECFP6_750,-1.9265955e-05,0.0002512397,0.0010813748,ECFP6 Fingerprint
ECFP6_1792,-4.031839e-05,0.00024772502,0.0012374811,ECFP6 Fingerprint
ECFP6_1050,-4.354591e-05,0.00024492497,0.0011260951,ECFP6 Fingerprint
ECFP6_745,-0.00010403478,0.00023973006,0.00087891496,ECFP6 Fingerprint
mordred_NsCH3,0.00010582367,0.00023526611,0.0006434574,Mordred 2D
MACCS_100,3.171986e-05,0.00023260212,0.0010291791,MACCS Key
ECFP6_3203,-6.0720882e-05,0.00023181342,0.0010130209,ECFP6 Fingerprint
MACCS_161,8.578885e-05,0.0002213774,0.0006276879,MACCS Key
MACCS_43,9.981149e-06,0.00021433711,0.0012252278,MACCS Key
ECFP6_3291,8.3417e-05,0.00021202896,0.000792249,ECFP6 Fingerprint
MACCS_71,6.1566294e-05,0.00020499766,0.0005806277,MACCS Key
ECFP6_1496,9.7108365e-05,0.00020492477,0.0008133486,ECFP6 Fingerprint
ECFP6_3652,-1.9699974e-05,0.00019950011,0.0009491121,ECFP6 Fingerprint
MACCS_149,-1.9628567e-05,0.00019715879,0.00070108904,MACCS Key
ECFP6_2128,1.4966994e-05,0.00018325404,0.0005553896,ECFP6 Fingerprint
MACCS_119,-2.1753143e-05,0.00017828221,0.0005378663,MACCS Key
mordred_NaasN,-1.6153914e-05,0.00017720184,0.0006721676,Mordred 2D
ECFP6_1536,-8.276647e-06,0.0001698393,0.00062947645,ECFP6 Fingerprint
ECFP6_2455,1.7815879e-05,0.00016006512,0.0008391134,ECFP6 Fingerprint
ECFP6_2801,1.8880108e-05,0.00014648095,0.0005185094,ECFP6 Fingerprint
ECFP6_1922,5.1010455e-05,0.0001431525,0.00076613907,ECFP6 Fingerprint
ECFP6_266,4.0957257e-05,0.00012152129,0.00063689705,ECFP6 Fingerprint
ECFP6_1603,-4.814522e-05,0.00011394648,0.0005333555,ECFP6 Fingerprint
mordred_nRing,-4.502253e-05,9.994274e-05,0.0004899981,Mordred 2D
ECFP6_2685,0.0,0.0,0.0,ECFP6 Fingerprint
ECFP6_2722,0.0,0.0,0.0,ECFP6 Fingerprint
ECFP6_2735,0.0,0.0,0.0,ECFP6 Fingerprint
ECFP6_2742,0.0,0.0,0.0,ECFP6 Fingerprint
ECFP6_2750,0.0,0.0,0.0,ECFP6 Fingerprint
ECFP6_2751,0.0,0.0,0.0,ECFP6 Fingerprint
ECFP6_2752,0.0,0.0,0.0,ECFP6 Fingerprint
ECFP6_2755,0.0,0.0,0.0,ECFP6 Fingerprint
ECFP6_2758,0.0,0.0,0.0,ECFP6 Fingerprint
ECFP6_2553,0.0,0.0,0.0,ECFP6 Fingerprint
ECFP6_2569,0.0,0.0,0.0,ECFP6 Fingerprint
ECFP6_2571,0.0,0.0,0.0,ECFP6 Fingerprint
ECFP6_2572,0.0,0.0,0.0,ECFP6 Fingerprint
ECFP6_2578,0.0,0.0,0.0,ECFP6 Fingerprint
ECFP6_2621,0.0,0.0,0.0,ECFP6 Fingerprint
ECFP6_3801,0.0,0.0,0.0,ECFP6 Fingerprint
ECFP6_382,0.0,0.0,0.0,ECFP6 Fingerprint
ECFP6_3827,0.0,0.0,0.0,ECFP6 Fingerprint
ECFP6_383,0.0,0.0,0.0,ECFP6 Fingerprint
ECFP6_3847,0.0,0.0,0.0,ECFP6 Fingerprint
ECFP6_385,0.0,0.0,0.0,ECFP6 Fingerprint
ECFP6_3858,0.0,0.0,0.0,ECFP6 Fingerprint
ECFP6_2630,0.0,0.0,0.0,ECFP6 Fingerprint
ECFP6_2638,0.0,0.0,0.0,ECFP6 Fingerprint
ECFP6_2640,0.0,0.0,0.0,ECFP6 Fingerprint
ECFP6_2412,0.0,0.0,0.0,ECFP6 Fingerprint
ECFP6_2419,0.0,0.0,0.0,ECFP6 Fingerprint
ECFP6_2429,0.0,0.0,0.0,ECFP6 Fingerprint
ECFP6_2440,0.0,0.0,0.0,ECFP6 Fingerprint
ECFP6_2443,0.0,0.0,0.0,ECFP6 Fingerprint
ECFP6_2461,0.0,0.0,0.0,ECFP6 Fingerprint
ECFP6_3958,0.0,0.0,0.0,ECFP6 Fingerprint
ECFP6_3976,0.0,0.0,0.0,ECFP6 Fingerprint
ECFP6_3978,0.0,0.0,0.0,ECFP6 Fingerprint
ECFP6_3774,0.0,0.0,0.0,ECFP6 Fingerprint
ECFP6_249,0.0,0.0,0.0,ECFP6 Fingerprint
ECFP6_2521,0.0,0.0,0.0,ECFP6 Fingerprint
ECFP6_2537,0.0,0.0,0.0,ECFP6 Fingerprint
ECFP6_2285,0.0,0.0,0.0,ECFP6 Fingerprint
ECFP6_2307,0.0,0.0,0.0,ECFP6 Fingerprint
ECFP6_3867,0.0,0.0,0.0,ECFP6 Fingerprint
ECFP6_3880,0.0,0.0,0.0,ECFP6 Fingerprint
ECFP6_3890,0.0,0.0,0.0,ECFP6 Fingerprint
ECFP6_3897,0.0,0.0,0.0,ECFP6 Fingerprint
ECFP6_3900,0.0,0.0,0.0,ECFP6 Fingerprint
ECFP6_394,0.0,0.0,0.0,ECFP6 Fingerprint
ECFP6_3956,0.0,0.0,0.0,ECFP6 Fingerprint
ECFP6_2327,0.0,0.0,0.0,ECFP6 Fingerprint
ECFP6_2342,0.0,0.0,0.0,ECFP6 Fingerprint
ECFP6_2349,0.0,0.0,0.0,ECFP6 Fingerprint
ECFP6_2359,0.0,0.0,0.0,ECFP6 Fingerprint
ECFP6_2365,0.0,0.0,0.0,ECFP6 Fingerprint
ECFP6_2377,0.0,0.0,0.0,ECFP6 Fingerprint
ECFP6_2400,0.0,0.0,0.0,ECFP6 Fingerprint
ECFP6_2151,0.0,0.0,0.0,ECFP6 Fingerprint
ECFP6_2155,0.0,0.0,0.0,ECFP6 Fingerprint
ECFP6_2162,0.0,0.0,0.0,ECFP6 Fingerprint
ECFP6_2169,0.0,0.0,0.0,ECFP6 Fingerprint
ECFP6_221,0.0,0.0,0.0,ECFP6 Fingerprint
ECFP6_2224,0.0,0.0,0.0,ECFP6 Fingerprint
ECFP6_2241,0.0,0.0,0.0,ECFP6 Fingerprint
ECFP6_2251,0.0,0.0,0.0,ECFP6 Fingerprint
mordred_GhoseFilter,0.0,0.0,0.0,Mordred 2D
ECFP6_2014,0.0,0.0,0.0,ECFP6 Fingerprint
ECFP6_2028,0.0,0.0,0.0,ECFP6 Fingerprint
ECFP6_2034,0.0,0.0,0.0,ECFP6 Fingerprint
ECFP6_204,0.0,0.0,0.0,ECFP6 Fingerprint
ECFP6_2046,0.0,0.0,0.0,ECFP6 Fingerprint
ECFP6_2047,0.0,0.0,0.0,ECFP6 Fingerprint
ECFP6_2056,0.0,0.0,0.0,ECFP6 Fingerprint
ECFP6_2115,0.0,0.0,0.0,ECFP6 Fingerprint
ECFP6_2122,0.0,0.0,0.0,ECFP6 Fingerprint
ECFP6_2127,0.0,0.0,0.0,ECFP6 Fingerprint
ECFP6_3984,0.0,0.0,0.0,ECFP6 Fingerprint
ECFP6_4001,0.0,0.0,0.0,ECFP6 Fingerprint
ECFP6_4033,0.0,0.0,0.0,ECFP6 Fingerprint
ECFP6_4040,0.0,0.0,0.0,ECFP6 Fingerprint
ECFP6_4058,0.0,0.0,0.0,ECFP6 Fingerprint
ECFP6_4065,0.0,0.0,0.0,ECFP6 Fingerprint
ECFP6_4066,0.0,0.0,0.0,ECFP6 Fingerprint
ECFP6_4086,0.0,0.0,0.0,ECFP6 Fingerprint
ECFP6_4092,0.0,0.0,0.0,ECFP6 Fingerprint
ECFP6_42,0.0,0.0,0.0,ECFP6 Fingerprint
ECFP6_2300,0.0,0.0,0.0,ECFP6 Fingerprint
ECFP6_1009,0.0,0.0,0.0,ECFP6 Fingerprint
ECFP6_1049,0.0,0.0,0.0,ECFP6 Fingerprint
ECFP6_1060,0.0,0.0,0.0,ECFP6 Fingerprint
ECFP6_1940,0.0,0.0,0.0,ECFP6 Fingerprint
ECFP6_1951,0.0,0.0,0.0,ECFP6 Fingerprint
ECFP6_1062,0.0,0.0,0.0,ECFP6 Fingerprint
ECFP6_1063,0.0,0.0,0.0,ECFP6 Fingerprint
ECFP6_1980,0.0,0.0,0.0,ECFP6 Fingerprint
ECFP6_2004,0.0,0.0,0.0,ECFP6 Fingerprint
ECFP6_110,0.0,0.0,0.0,ECFP6 Fingerprint
ECFP6_1104,0.0,0.0,0.0,ECFP6 Fingerprint
rdkit_fr_Al_OH,0.0,0.0,0.0,RDKit 2D
rdkit_fr_ArN,0.0,0.0,0.0,RDKit 2D
MACCS_75,0.0,0.0,0.0,MACCS Key
MACCS_76,0.0,0.0,0.0,MACCS Key
rdkit_fr_methoxy,0.0,0.0,0.0,RDKit 2D
rdkit_fr_piperdine,0.0,0.0,0.0,RDKit 2D
ECFP6_1028,0.0,0.0,0.0,ECFP6 Fingerprint
MACCS_87,0.0,0.0,0.0,MACCS Key
rdkit_fr_sulfonamd,0.0,0.0,0.0,RDKit 2D
ECFP6_1811,0.0,0.0,0.0,ECFP6 Fingerprint
ECFP6_1820,0.0,0.0,0.0,ECFP6 Fingerprint
ECFP6_1847,0.0,0.0,0.0,ECFP6 Fingerprint
ECFP6_1851,0.0,0.0,0.0,ECFP6 Fingerprint
ECFP6_1860,0.0,0.0,0.0,ECFP6 Fingerprint
ECFP6_1863,0.0,0.0,0.0,ECFP6 Fingerprint
ECFP6_1872,0.0,0.0,0.0,ECFP6 Fingerprint
ECFP6_189,0.0,0.0,0.0,ECFP6 Fingerprint
ECFP6_1910,0.0,0.0,0.0,ECFP6 Fingerprint
ECFP6_322,0.0,0.0,0.0,ECFP6 Fingerprint
mordred_NaaS,0.0,0.0,0.0,Mordred 2D
ECFP6_3240,0.0,0.0,0.0,ECFP6 Fingerprint
mordred_NdCH2,0.0,0.0,0.0,Mordred 2D
mordred_NdNH,0.0,0.0,0.0,Mordred 2D
mordred_NddssS,0.0,0.0,0.0,Mordred 2D
MACCS_158,0.0,0.0,0.0,MACCS Key
MACCS_159,0.0,0.0,0.0,MACCS Key
ECFP6_3264,0.0,0.0,0.0,ECFP6 Fingerprint
MACCS_164,0.0,0.0,0.0,MACCS Key
ECFP6_3275,0.0,0.0,0.0,ECFP6 Fingerprint
MACCS_28,0.0,0.0,0.0,MACCS Key
ECFP6_3303,0.0,0.0,0.0,ECFP6 Fingerprint
MACCS_44,0.0,0.0,0.0,MACCS Key
ECFP6_3321,0.0,0.0,0.0,ECFP6 Fingerprint
MACCS_52,0.0,0.0,0.0,MACCS Key
MACCS_66,0.0,0.0,0.0,MACCS Key
MACCS_70,0.0,0.0,0.0,MACCS Key
ECFP6_3330,0.0,0.0,0.0,ECFP6 Fingerprint
mordred_NssSe,0.0,0.0,0.0,Mordred 2D
ECFP6_3338,0.0,0.0,0.0,ECFP6 Fingerprint
mordred_NssssC,0.0,0.0,0.0,Mordred 2D
mordred_NtN,0.0,0.0,0.0,Mordred 2D
ECFP6_1692,0.0,0.0,0.0,ECFP6 Fingerprint
ECFP6_3349,0.0,0.0,0.0,ECFP6 Fingerprint
ECFP6_1723,0.0,0.0,0.0,ECFP6 Fingerprint
ECFP6_1726,0.0,0.0,0.0,ECFP6 Fingerprint
ECFP6_3052,0.0,0.0,0.0,ECFP6 Fingerprint
MACCS_135,0.0,0.0,0.0,MACCS Key
ECFP6_3059,0.0,0.0,0.0,ECFP6 Fingerprint
MACCS_138,0.0,0.0,0.0,MACCS Key
MACCS_141,0.0,0.0,0.0,MACCS Key
ECFP6_3076,0.0,0.0,0.0,ECFP6 Fingerprint
ECFP6_3082,0.0,0.0,0.0,ECFP6 Fingerprint
ECFP6_31,0.0,0.0,0.0,ECFP6 Fingerprint
ECFP6_3125,0.0,0.0,0.0,ECFP6 Fingerprint
ECFP6_3168,0.0,0.0,0.0,ECFP6 Fingerprint
ECFP6_1731,0.0,0.0,0.0,ECFP6 Fingerprint
ECFP6_3372,0.0,0.0,0.0,ECFP6 Fingerprint
ECFP6_175,0.0,0.0,0.0,ECFP6 Fingerprint
ECFP6_1757,0.0,0.0,0.0,ECFP6 Fingerprint
ECFP6_34,0.0,0.0,0.0,ECFP6 Fingerprint
ECFP6_3435,0.0,0.0,0.0,ECFP6 Fingerprint
ECFP6_1795,0.0,0.0,0.0,ECFP6 Fingerprint
ECFP6_1582,0.0,0.0,0.0,ECFP6 Fingerprint
ECFP6_3439,0.0,0.0,0.0,ECFP6 Fingerprint
ECFP6_3489,0.0,0.0,0.0,ECFP6 Fingerprint
ECFP6_1611,0.0,0.0,0.0,ECFP6 Fingerprint
ECFP6_1627,0.0,0.0,0.0,ECFP6 Fingerprint
ECFP6_350,0.0,0.0,0.0,ECFP6 Fingerprint
ECFP6_1664,0.0,0.0,0.0,ECFP6 Fingerprint
ECFP6_1665,0.0,0.0,0.0,ECFP6 Fingerprint
ECFP6_168,0.0,0.0,0.0,ECFP6 Fingerprint
ECFP6_3508,0.0,0.0,0.0,ECFP6 Fingerprint
ECFP6_496,0.0,0.0,0.0,ECFP6 Fingerprint
ECFP6_497,0.0,0.0,0.0,ECFP6 Fingerprint
ECFP6_524,0.0,0.0,0.0,ECFP6 Fingerprint
ECFP6_547,0.0,0.0,0.0,ECFP6 Fingerprint
ECFP6_3542,0.0,0.0,0.0,ECFP6 Fingerprint
ECFP6_573,0.0,0.0,0.0,ECFP6 Fingerprint
ECFP6_591,0.0,0.0,0.0,ECFP6 Fingerprint
ECFP6_609,0.0,0.0,0.0,ECFP6 Fingerprint
ECFP6_619,0.0,0.0,0.0,ECFP6 Fingerprint
ECFP6_318,0.0,0.0,0.0,ECFP6 Fingerprint
MACCS_125,0.0,0.0,0.0,MACCS Key
ECFP6_319,0.0,0.0,0.0,ECFP6 Fingerprint
mordred_SMR_VSA2,0.0,0.0,0.0,Mordred 2D
ECFP6_1457,0.0,0.0,0.0,ECFP6 Fingerprint
ECFP6_1466,0.0,0.0,0.0,ECFP6 Fingerprint
ECFP6_2928,0.0,0.0,0.0,ECFP6 Fingerprint
ECFP6_2990,0.0,0.0,0.0,ECFP6 Fingerprint
ECFP6_1480,0.0,0.0,0.0,ECFP6 Fingerprint
ECFP6_1487,0.0,0.0,0.0,ECFP6 Fingerprint
ECFP6_3003,0.0,0.0,0.0,ECFP6 Fingerprint
ECFP6_1507,0.0,0.0,0.0,ECFP6 Fingerprint
ECFP6_3661,0.0,0.0,0.0,ECFP6 Fingerprint
ECFP6_3360,0.0,0.0,0.0,ECFP6 Fingerprint
ECFP6_3369,0.0,0.0,0.0,ECFP6 Fingerprint
ECFP6_302,0.0,0.0,0.0,ECFP6 Fingerprint
MACCS_118,0.0,0.0,0.0,MACCS Key
ECFP6_3026,0.0,0.0,0.0,ECFP6 Fingerprint
ECFP6_2835,0.0,0.0,0.0,ECFP6 Fingerprint
ECFP6_2842,0.0,0.0,0.0,ECFP6 Fingerprint
ECFP6_451,0.0,0.0,0.0,ECFP6 Fingerprint
ECFP6_454,0.0,0.0,0.0,ECFP6 Fingerprint
ECFP6_488,0.0,0.0,0.0,ECFP6 Fingerprint
ECFP6_1574,0.0,0.0,0.0,ECFP6 Fingerprint
ECFP6_158,0.0,0.0,0.0,ECFP6 Fingerprint
ECFP6_1364,0.0,0.0,0.0,ECFP6 Fingerprint
ECFP6_1365,0.0,0.0,0.0,ECFP6 Fingerprint
ECFP6_1366,0.0,0.0,0.0,ECFP6 Fingerprint
ECFP6_1373,0.0,0.0,0.0,ECFP6 Fingerprint
ECFP6_1383,0.0,0.0,0.0,ECFP6 Fingerprint
ECFP6_1385,0.0,0.0,0.0,ECFP6 Fingerprint
ECFP6_1405,0.0,0.0,0.0,ECFP6 Fingerprint
ECFP6_1417,0.0,0.0,0.0,ECFP6 Fingerprint
ECFP6_1430,0.0,0.0,0.0,ECFP6 Fingerprint
ECFP6_1434,0.0,0.0,0.0,ECFP6 Fingerprint
ECFP6_1443,0.0,0.0,0.0,ECFP6 Fingerprint
ECFP6_2846,0.0,0.0,0.0,ECFP6 Fingerprint
ECFP6_1451,0.0,0.0,0.0,ECFP6 Fingerprint
ECFP6_1454,0.0,0.0,0.0,ECFP6 Fingerprint
ECFP6_2857,0.0,0.0,0.0,ECFP6 Fingerprint
ECFP6_2864,0.0,0.0,0.0,ECFP6 Fingerprint
ECFP6_2879,0.0,0.0,0.0,ECFP6 Fingerprint
ECFP6_878,0.0,0.0,0.0,ECFP6 Fingerprint
ECFP6_883,0.0,0.0,0.0,ECFP6 Fingerprint
ECFP6_885,0.0,0.0,0.0,ECFP6 Fingerprint
ECFP6_2889,0.0,0.0,0.0,ECFP6 Fingerprint
ECFP6_3564,0.0,0.0,0.0,ECFP6 Fingerprint
ECFP6_940,0.0,0.0,0.0,ECFP6 Fingerprint
ECFP6_943,0.0,0.0,0.0,ECFP6 Fingerprint
ECFP6_357,0.0,0.0,0.0,ECFP6 Fingerprint
ECFP6_3575,0.0,0.0,0.0,ECFP6 Fingerprint
ECFP6_3578,0.0,0.0,0.0,ECFP6 Fingerprint
ECFP6_981,0.0,0.0,0.0,ECFP6 Fingerprint
ECFP6_36,0.0,0.0,0.0,ECFP6 Fingerprint
mordred_n10FAHRing,0.0,0.0,0.0,Mordred 2D
ECFP6_3602,0.0,0.0,0.0,ECFP6 Fingerprint
ECFP6_3647,0.0,0.0,0.0,ECFP6 Fingerprint
mordred_n7Ring,0.0,0.0,0.0,Mordred 2D
mordred_n8FRing,0.0,0.0,0.0,Mordred 2D
ECFP6_2907,0.0,0.0,0.0,ECFP6 Fingerprint
ECFP6_2914,0.0,0.0,0.0,ECFP6 Fingerprint
ECFP6_754,0.0,0.0,0.0,ECFP6 Fingerprint
ECFP6_758,0.0,0.0,0.0,ECFP6 Fingerprint
ECFP6_760,0.0,0.0,0.0,ECFP6 Fingerprint
ECFP6_762,0.0,0.0,0.0,ECFP6 Fingerprint
ECFP6_766,0.0,0.0,0.0,ECFP6 Fingerprint
ECFP6_2917,0.0,0.0,0.0,ECFP6 Fingerprint
ECFP6_785,0.0,0.0,0.0,ECFP6 Fingerprint
ECFP6_798,0.0,0.0,0.0,ECFP6 Fingerprint
ECFP6_277,0.0,0.0,0.0,ECFP6 Fingerprint
ECFP6_812,0.0,0.0,0.0,ECFP6 Fingerprint
ECFP6_820,0.0,0.0,0.0,ECFP6 Fingerprint
ECFP6_824,0.0,0.0,0.0,ECFP6 Fingerprint
ECFP6_2772,0.0,0.0,0.0,ECFP6 Fingerprint
mordred_nBondsT,0.0,0.0,0.0,Mordred 2D
mordred_nBr,0.0,0.0,0.0,Mordred 2D
mordred_nCl,0.0,0.0,0.0,Mordred 2D
mordred_nF,0.0,0.0,0.0,Mordred 2D
ECFP6_2792,0.0,0.0,0.0,ECFP6 Fingerprint
mordred_nG12FaRing,0.0,0.0,0.0,Mordred 2D
ECFP6_2807,0.0,0.0,0.0,ECFP6 Fingerprint
ECFP6_2813,0.0,0.0,0.0,ECFP6 Fingerprint
ECFP6_282,0.0,0.0,0.0,ECFP6 Fingerprint
ECFP6_1253,0.0,0.0,0.0,ECFP6 Fingerprint
ECFP6_1265,0.0,0.0,0.0,ECFP6 Fingerprint
ECFP6_1270,0.0,0.0,0.0,ECFP6 Fingerprint
ECFP6_2829,0.0,0.0,0.0,ECFP6 Fingerprint
ECFP6_625,0.0,0.0,0.0,ECFP6 Fingerprint
ECFP6_3693,0.0,0.0,0.0,ECFP6 Fingerprint
ECFP6_3695,0.0,0.0,0.0,ECFP6 Fingerprint
ECFP6_69,0.0,0.0,0.0,ECFP6 Fingerprint
ECFP6_692,0.0,0.0,0.0,ECFP6 Fingerprint
ECFP6_371,0.0,0.0,0.0,ECFP6 Fingerprint
ECFP6_3713,0.0,0.0,0.0,ECFP6 Fingerprint
ECFP6_716,0.0,0.0,0.0,ECFP6 Fingerprint
ECFP6_720,0.0,0.0,0.0,ECFP6 Fingerprint
ECFP6_3715,0.0,0.0,0.0,ECFP6 Fingerprint
ECFP6_728,0.0,0.0,0.0,ECFP6 Fingerprint
ECFP6_3730,0.0,0.0,0.0,ECFP6 Fingerprint
ECFP6_3731,0.0,0.0,0.0,ECFP6 Fingerprint
ECFP6_1274,0.0,0.0,0.0,ECFP6 Fingerprint
ECFP6_1013,0.0,0.0,0.0,ECFP6 Fingerprint
ECFP6_1279,0.0,0.0,0.0,ECFP6 Fingerprint
ECFP6_3733,0.0,0.0,0.0,ECFP6 Fingerprint
ECFP6_3734,0.0,0.0,0.0,ECFP6 Fingerprint
ECFP6_1299,0.0,0.0,0.0,ECFP6 Fingerprint
ECFP6_3739,0.0,0.0,0.0,ECFP6 Fingerprint
ECFP6_1314,0.0,0.0,0.0,ECFP6 Fingerprint
ECFP6_1325,0.0,0.0,0.0,ECFP6 Fingerprint
ECFP6_3749,0.0,0.0,0.0,ECFP6 Fingerprint
ECFP6_1143,0.0,0.0,0.0,ECFP6 Fingerprint
ECFP6_375,0.0,0.0,0.0,ECFP6 Fingerprint
rdkit_fr_COO,0.0,0.0,0.0,RDKit 2D
ECFP6_2946,0.0,0.0,0.0,ECFP6 Fingerprint
rdkit_fr_Imine,0.0,0.0,0.0,RDKit 2D
rdkit_fr_Ndealkylation1,0.0,0.0,0.0,RDKit 2D
ECFP6_101,0.0,0.0,0.0,ECFP6 Fingerprint
ECFP6_1275,0.0,0.0,0.0,ECFP6 Fingerprint
rdkit_fr_hdrzone,0.0,0.0,0.0,RDKit 2D
ECFP6_1146,0.0,0.0,0.0,ECFP6 Fingerprint
ECFP6_1154,0.0,0.0,0.0,ECFP6 Fingerprint
ECFP6_1157,0.0,0.0,0.0,ECFP6 Fingerprint
ECFP6_116,0.0,0.0,0.0,ECFP6 Fingerprint
ECFP6_1161,0.0,0.0,0.0,ECFP6 Fingerprint
ECFP6_2648,0.0,0.0,0.0,ECFP6 Fingerprint
ECFP6_1170,0.0,0.0,0.0,ECFP6 Fingerprint
ECFP6_1180,0.0,0.0,0.0,ECFP6 Fingerprint
ECFP6_1200,0.0,0.0,0.0,ECFP6 Fingerprint
ECFP6_2654,0.0,0.0,0.0,ECFP6 Fingerprint
ECFP6_2676,0.0,0.0,0.0,ECFP6 Fingerprint
ECFP6_2678,0.0,0.0,0.0,ECFP6 Fingerprint
rdkit_fr_urea,0.0,0.0,0.0,RDKit 2D
rdkit_fr_alkyl_halide,0.0,0.0,0.0,RDKit 2D
