molecule_chembl_id,std_smiles,canonical_smiles,pIC50,activity_class,standard_type,target_organism,organism_key,scaffold,assay_chembl_id,assay_description
CHEMBL3360720,CC(C)(C)C1CCN(S(=O)(=O)c2ccc(NC(=O)c3ccc([N+](=O)[O-])o3)cc2)CC1,CC(C)(C)C1CCN(S(=O)(=O)c2ccc(NC(=O)c3ccc([N+](=O)[O-])o3)cc2)CC1,5.85,Active,EC50,Leishmania amazonensis,L_amazonensis,O=C(Nc1ccc(S(=O)(=O)N2CCCCC2)cc1)c1ccco1,CHEMBL3996935,Anti-parasitic activity against Leishmania amazonensis promastigotes after 44 hrs by CellTiter-Blue assay
CHEMBL4062505,CC(C)(C)C1CCN(S(=O)(=O)c2ccc(NC(=O)c3ccc([N+](=O)[O-])s3)cc2)CC1,CC(C)(C)C1CCN(S(=O)(=O)c2ccc(NC(=O)c3ccc([N+](=O)[O-])s3)cc2)CC1,7.0,Active,EC50,Leishmania amazonensis,L_amazonensis,O=C(Nc1ccc(S(=O)(=O)N2CCCCC2)cc1)c1cccs1,CHEMBL3996935,Anti-parasitic activity against Leishmania amazonensis promastigotes after 44 hrs by CellTiter-Blue assay
CHEMBL3360729,CC1(C)CCN(S(=O)(=O)c2ccc(NC(=O)c3ccc(C(F)(F)F)o3)cc2)CC1,CC1(C)CCN(S(=O)(=O)c2ccc(NC(=O)c3ccc(C(F)(F)F)o3)cc2)CC1,4.97,Inactive,EC50,Leishmania amazonensis,L_amazonensis,O=C(Nc1ccc(S(=O)(=O)N2CCCCC2)cc1)c1ccco1,CHEMBL3996935,Anti-parasitic activity against Leishmania amazonensis promastigotes after 44 hrs by CellTiter-Blue assay
CHEMBL3360719,CC1(C)CCN(S(=O)(=O)c2ccc(NC(=O)c3ccc([N+](=O)[O-])o3)cc2)CC1,CC1(C)CCN(S(=O)(=O)c2ccc(NC(=O)c3ccc([N+](=O)[O-])o3)cc2)CC1,6.55,Active,EC50,Leishmania amazonensis,L_amazonensis,O=C(Nc1ccc(S(=O)(=O)N2CCCCC2)cc1)c1ccco1,CHEMBL3996935,Anti-parasitic activity against Leishmania amazonensis promastigotes after 44 hrs by CellTiter-Blue assay
CHEMBL4084209,CC1(C)CCN(S(=O)(=O)c2ccc(NC(=O)c3ccc([N+](=O)[O-])s3)cc2)CC1,CC1(C)CCN(S(=O)(=O)c2ccc(NC(=O)c3ccc([N+](=O)[O-])s3)cc2)CC1,7.0,Active,EC50,Leishmania amazonensis,L_amazonensis,O=C(Nc1ccc(S(=O)(=O)N2CCCCC2)cc1)c1cccs1,CHEMBL3996935,Anti-parasitic activity against Leishmania amazonensis promastigotes after 44 hrs by CellTiter-Blue assay
CHEMBL3360726,CC1(C)CCN(S(=O)(=O)c2ccc(NC(=O)c3cccc([N+](=O)[O-])c3)cc2)CC1,CC1(C)CCN(S(=O)(=O)c2ccc(NC(=O)c3cccc([N+](=O)[O-])c3)cc2)CC1,4.88,Inactive,EC50,Leishmania amazonensis,L_amazonensis,O=C(Nc1ccc(S(=O)(=O)N2CCCCC2)cc1)c1ccccc1,CHEMBL3996935,Anti-parasitic activity against Leishmania amazonensis promastigotes after 44 hrs by CellTiter-Blue assay
CHEMBL4099712,CC1(C)CCN(S(=O)(=O)c2cccc(NC(=O)c3ccc([N+](=O)[O-])o3)c2)CC1,CC1(C)CCN(S(=O)(=O)c2cccc(NC(=O)c3ccc([N+](=O)[O-])o3)c2)CC1,7.0,Active,EC50,Leishmania amazonensis,L_amazonensis,O=C(Nc1cccc(S(=O)(=O)N2CCCCC2)c1)c1ccco1,CHEMBL3996935,Anti-parasitic activity against Leishmania amazonensis promastigotes after 44 hrs by CellTiter-Blue assay
CHEMBL4071148,CC1(C)CCN(S(=O)(=O)c2cccc(NC(=O)c3ccc([N+](=O)[O-])s3)c2)CC1,CC1(C)CCN(S(=O)(=O)c2cccc(NC(=O)c3ccc([N+](=O)[O-])s3)c2)CC1,5.89,Active,EC50,Leishmania amazonensis,L_amazonensis,O=C(Nc1cccc(S(=O)(=O)N2CCCCC2)c1)c1cccs1,CHEMBL3996935,Anti-parasitic activity against Leishmania amazonensis promastigotes after 44 hrs by CellTiter-Blue assay
CHEMBL4061428,CC1(C)CCN(S(=O)(=O)c2cccc(NC(=O)c3cccc([N+](=O)[O-])c3)c2)CC1,CC1(C)CCN(S(=O)(=O)c2cccc(NC(=O)c3cccc([N+](=O)[O-])c3)c2)CC1,5.52,Active,EC50,Leishmania amazonensis,L_amazonensis,O=C(Nc1cccc(S(=O)(=O)N2CCCCC2)c1)c1ccccc1,CHEMBL3996935,Anti-parasitic activity against Leishmania amazonensis promastigotes after 44 hrs by CellTiter-Blue assay
CHEMBL4081696,CC1(C)CCN(S(=O)(=O)c2cccc(NC(=O)c3ccco3)c2)CC1,CC1(C)CCN(S(=O)(=O)c2cccc(NC(=O)c3ccco3)c2)CC1,5.92,Active,EC50,Leishmania amazonensis,L_amazonensis,O=C(Nc1cccc(S(=O)(=O)N2CCCCC2)c1)c1ccco1,CHEMBL3996935,Anti-parasitic activity against Leishmania amazonensis promastigotes after 44 hrs by CellTiter-Blue assay
CHEMBL3085903,CC1CCCN(S(=O)(=O)c2cccc3ccccc23)C1,CC1CCCN(S(=O)(=O)c2cccc3ccccc23)C1,4.68,Inactive,IC50,Leishmania amazonensis,L_amazonensis,O=S(=O)(c1cccc2ccccc12)N1CCCCC1,CHEMBL3090716,Leishmanicidal activity against intracellular amastigote stage of Leishmania amazonensis MHOM/Br/79/Maria infected in mouse J774 cells assessed as reduction of parasite load after 48 hrs by resazurin dye-based fluorometric analysis
CHEMBL3085902,CC1CCCN(S(=O)(=O)c2ccccc2)C1,CC1CCCN(S(=O)(=O)c2ccccc2)C1,4.39,Inactive,IC50,Leishmania amazonensis,L_amazonensis,O=S(=O)(c1ccccc1)N1CCCCC1,CHEMBL3090726,Leishmanicidal activity against extracellular promastigote stage of Leishmania amazonensis MHOM/Br/79/Maria assessed as reduction of parasite load after 48 hrs by resazurin dye-based fluorometric analysis
CHEMBL3352900,CC1CCN(S(=O)(=O)c2ccc(NC(=O)c3ccc([N+](=O)[O-])o3)cc2)CC1,CC1CCN(S(=O)(=O)c2ccc(NC(=O)c3ccc([N+](=O)[O-])o3)cc2)CC1,5.11,Active,EC50,Leishmania amazonensis,L_amazonensis,O=C(Nc1ccc(S(=O)(=O)N2CCCCC2)cc1)c1ccco1,CHEMBL3996935,Anti-parasitic activity against Leishmania amazonensis promastigotes after 44 hrs by CellTiter-Blue assay
CHEMBL1095251,CCCN(CCC(C)[C@H]1CC=C(C)CC1)S(=O)(=O)c1ccc(C)cc1,CCCN(CCC(C)[C@H]1CC=C(C)CC1)S(=O)(=O)c1ccc(C)cc1,3.708298229270019,Inactive,IC50,Leishmania amazonensis,L_amazonensis,O=S(=O)(NCCC[C@H]1CC=CCC1)c1ccccc1,CHEMBL1106399,Antileishmanial activity against Leishmania amazonensis promastigotes after 48 hrs
CHEMBL392413,CCCc1ccc(S(=O)(=O)Nc2cccc3cccnc23)cc1,CCCc1ccc(S(=O)(=O)Nc2cccc3cccnc23)cc1,4.84,Inactive,IC50,Leishmania amazonensis,L_amazonensis,O=S(=O)(Nc1cccc2cccnc12)c1ccccc1,CHEMBL900365,Antiprotozoal activity against Leishmania amazonensis 575 in vero cells
CHEMBL391343,CN(C)c1ccc(S(=O)(=O)Nc2cccc3cccnc23)c2ccccc12,CN(C)c1ccc(S(=O)(=O)Nc2cccc3cccnc23)c2ccccc12,5.14,Active,IC50,Leishmania amazonensis,L_amazonensis,O=S(=O)(Nc1cccc2cccnc12)c1cccc2ccccc12,CHEMBL900365,Antiprotozoal activity against Leishmania amazonensis 575 in vero cells
CHEMBL2420158,COc1ccc(C(=Nc2ccc(S(N)(=O)=O)cc2)Nc2ccccc2)cc1,COc1ccc(/C(=N/c2ccccc2)Nc2ccc(S(N)(=O)=O)cc2)cc1,5.75,Active,IC50,Leishmania amazonensis,L_amazonensis,c1ccc(N=C(Nc2ccccc2)c2ccccc2)cc1,CHEMBL2421939,Antileishmanial activity against Leishmania amazonensis MHOM/BR/77/LTB0016 promastigotes after 24 hrs by cell counting
CHEMBL3085891,Cc1cc2cc(NS(=O)(=O)c3ccc(Cl)cc3)ccc2[nH]1,Cc1cc2cc(NS(=O)(=O)c3ccc(Cl)cc3)ccc2[nH]1,4.74,Inactive,IC50,Leishmania amazonensis,L_amazonensis,O=S(=O)(Nc1ccc2[nH]ccc2c1)c1ccccc1,CHEMBL3090726,Leishmanicidal activity against extracellular promastigote stage of Leishmania amazonensis MHOM/Br/79/Maria assessed as reduction of parasite load after 48 hrs by resazurin dye-based fluorometric analysis
CHEMBL3085893,Cc1cc2cc(NS(=O)(=O)c3ccc(F)cc3)ccc2[nH]1,Cc1cc2cc(NS(=O)(=O)c3ccc(F)cc3)ccc2[nH]1,4.9,Inactive,IC50,Leishmania amazonensis,L_amazonensis,O=S(=O)(Nc1ccc2[nH]ccc2c1)c1ccccc1,CHEMBL3090726,Leishmanicidal activity against extracellular promastigote stage of Leishmania amazonensis MHOM/Br/79/Maria assessed as reduction of parasite load after 48 hrs by resazurin dye-based fluorometric analysis
CHEMBL3085890,Cc1cc2cc(NS(=O)(=O)c3ccc([N+](=O)[O-])cc3)ccc2[nH]1,Cc1cc2cc(NS(=O)(=O)c3ccc([N+](=O)[O-])cc3)ccc2[nH]1,4.8,Inactive,IC50,Leishmania amazonensis,L_amazonensis,O=S(=O)(Nc1ccc2[nH]ccc2c1)c1ccccc1,CHEMBL3090726,Leishmanicidal activity against extracellular promastigote stage of Leishmania amazonensis MHOM/Br/79/Maria assessed as reduction of parasite load after 48 hrs by resazurin dye-based fluorometric analysis
CHEMBL3085894,Cc1cc2cc(NS(=O)(=O)c3cccc4ccccc34)ccc2[nH]1,Cc1cc2cc(NS(=O)(=O)c3cccc4ccccc34)ccc2[nH]1,5.13,Active,IC50,Leishmania amazonensis,L_amazonensis,O=S(=O)(Nc1ccc2[nH]ccc2c1)c1cccc2ccccc12,CHEMBL3090726,Leishmanicidal activity against extracellular promastigote stage of Leishmania amazonensis MHOM/Br/79/Maria assessed as reduction of parasite load after 48 hrs by resazurin dye-based fluorometric analysis
CHEMBL3085892,Cc1cc2cc(NS(=O)(=O)c3ccccc3)ccc2[nH]1,Cc1cc2cc(NS(=O)(=O)c3ccccc3)ccc2[nH]1,4.5,Inactive,IC50,Leishmania amazonensis,L_amazonensis,O=S(=O)(Nc1ccc2[nH]ccc2c1)c1ccccc1,CHEMBL3090716,Leishmanicidal activity against intracellular amastigote stage of Leishmania amazonensis MHOM/Br/79/Maria infected in mouse J774 cells assessed as reduction of parasite load after 48 hrs by resazurin dye-based fluorometric analysis
CHEMBL1928607,Cc1ccc(S(=O)(=O)N2c3ccccc3[C@H]3CCc4ccccc4[C@H]32)cc1,Cc1ccc(S(=O)(=O)N2c3ccccc3[C@H]3CCc4ccccc4[C@H]32)cc1,5.49,Active,IC50,Leishmania amazonensis,L_amazonensis,O=S(=O)(c1ccccc1)N1c2ccccc2[C@H]2CCc3ccccc3[C@H]21,CHEMBL1932178,Antileishmanial activity against Leishmania amazonensis promastigotes after 72 hrs by MTT assay
CHEMBL1928602,Cc1ccc(S(=O)(=O)N2c3ccccc3[C@H]3COC4=C(C(=O)c5ccccc5C4=O)[C@H]32)cc1,Cc1ccc(S(=O)(=O)N2c3ccccc3[C@H]3COC4=C(C(=O)c5ccccc5C4=O)[C@H]32)cc1,4.82,Inactive,IC50,Leishmania amazonensis,L_amazonensis,O=C1C2=C(C(=O)c3ccccc31)[C@@H]1[C@H](CO2)c2ccccc2N1S(=O)(=O)c1ccccc1,CHEMBL1932178,Antileishmanial activity against Leishmania amazonensis promastigotes after 72 hrs by MTT assay
CHEMBL1807199,Cc1ccc2c(c1)[n+]([O-])c(C#N)c(NS(=O)(=O)c1ccc3ccccc3c1)[n+]2[O-],Cc1ccc2c(c1)[n+]([O-])c(C#N)c(NS(=O)(=O)c1ccc3ccccc3c1)[n+]2[O-],4.79,Inactive,IC50,Leishmania amazonensis,L_amazonensis,O=S(=O)(Nc1c[nH+]c2ccccc2[nH+]1)c1ccc2ccccc2c1,CHEMBL1811093,Leishmanicidal activity against axenic amastigotes of Leishmania amazonensis by MTT assay
CHEMBL4561030,Cc1cccc(-c2ccn(S(=O)(=O)c3ccccc3)n2)c1NS(=O)(=O)c1ccccc1,Cc1cccc(-c2ccn(S(=O)(=O)c3ccccc3)n2)c1NS(=O)(=O)c1ccccc1,4.71,Inactive,IC50,Leishmania amazonensis,L_amazonensis,O=S(=O)(Nc1ccccc1-c1ccn(S(=O)(=O)c2ccccc2)n1)c1ccccc1,CHEMBL4310413,Antileishmanial activity against Leishmania amazonensis promastigotes
CHEMBL4203215,Cc1cccc(NS(=O)(=O)c2ccccc2)c1-c1ccn(S(=O)(=O)c2ccccc2)n1,Cc1cccc(NS(=O)(=O)c2ccccc2)c1-c1ccn(S(=O)(=O)c2ccccc2)n1,4.775,Inactive,IC50,Leishmania amazonensis,L_amazonensis,O=S(=O)(Nc1ccccc1-c1ccn(S(=O)(=O)c2ccccc2)n1)c1ccccc1,CHEMBL4179522,Antileishmanial activity against Leishmania amazonensis amastigotes assessed as reduction in bacterial lode in early log phase after 24 hrs
CHEMBL4563887,Cc1nn(-c2ccc(S(=O)(=O)Nc3ccc(Cl)cc3)cc2)c(Cl)c1Br,Cc1nn(-c2ccc(S(=O)(=O)Nc3ccc(Cl)cc3)cc2)c(Cl)c1Br,7.14,Active,IC50,Leishmania amazonensis,L_amazonensis,O=S(=O)(Nc1ccccc1)c1ccc(-n2cccn2)cc1,CHEMBL4310411,Antileishmanial activity against Leishmania amazonensis MHOM/BR/77/LTB0016 promastigotes after 24 hrs
CHEMBL4216547,Cc1nn(-c2ccc(S(=O)(=O)Nc3ccccc3)cc2)c(Cl)c1Br,Cc1nn(-c2ccc(S(=O)(=O)Nc3ccccc3)cc2)c(Cl)c1Br,7.16,Active,IC50,Leishmania amazonensis,L_amazonensis,O=S(=O)(Nc1ccccc1)c1ccc(-n2cccn2)cc1,CHEMBL4179520,Antileishmanial activity against Leishmania amazonensis MHOM/BR/77/LTB0016 promastigotes after 24 hrs
CHEMBL1807203,N#Cc1c(NS(=O)(=O)c2ccc([N+](=O)[O-])cc2)[n+]([O-])c2cc(Cl)c(Cl)cc2[n+]1[O-],N#Cc1c(NS(=O)(=O)c2ccc([N+](=O)[O-])cc2)[n+]([O-])c2cc(Cl)c(Cl)cc2[n+]1[O-],4.8,Inactive,IC50,Leishmania amazonensis,L_amazonensis,O=S(=O)(Nc1c[nH+]c2ccccc2[nH+]1)c1ccccc1,CHEMBL1811093,Leishmanicidal activity against axenic amastigotes of Leishmania amazonensis by MTT assay
CHEMBL1807202,N#Cc1c(NS(=O)(=O)c2ccc([N+](=O)[O-])cc2)[n+]([O-])c2ccc(Cl)cc2[n+]1[O-],N#Cc1c(NS(=O)(=O)c2ccc([N+](=O)[O-])cc2)[n+]([O-])c2ccc(Cl)cc2[n+]1[O-],5.68,Active,IC50,Leishmania amazonensis,L_amazonensis,O=S(=O)(Nc1c[nH+]c2ccccc2[nH+]1)c1ccccc1,CHEMBL1811093,Leishmanicidal activity against axenic amastigotes of Leishmania amazonensis by MTT assay
CHEMBL1807204,N#Cc1c(NS(=O)(=O)c2ccc([N+](=O)[O-])cc2)[n+]([O-])c2ccccc2[n+]1[O-],N#Cc1c(NS(=O)(=O)c2ccc([N+](=O)[O-])cc2)[n+]([O-])c2ccccc2[n+]1[O-],4.06,Inactive,IC50,Leishmania amazonensis,L_amazonensis,O=S(=O)(Nc1c[nH+]c2ccccc2[nH+]1)c1ccccc1,CHEMBL1811093,Leishmanicidal activity against axenic amastigotes of Leishmania amazonensis by MTT assay
CHEMBL1808253,N#Cc1c(NS(=O)(=O)c2ccc3ccccc3c2)[n+]([O-])c2ccc(Cl)cc2[n+]1[O-],N#Cc1c(NS(=O)(=O)c2ccc3ccccc3c2)[n+]([O-])c2ccc(Cl)cc2[n+]1[O-],4.7,Inactive,IC50,Leishmania amazonensis,L_amazonensis,O=S(=O)(Nc1c[nH+]c2ccccc2[nH+]1)c1ccc2ccccc2c1,CHEMBL1811093,Leishmanicidal activity against axenic amastigotes of Leishmania amazonensis by MTT assay
CHEMBL1807201,N#Cc1c(NS(=O)(=O)c2ccccc2[N+](=O)[O-])[n+]([O-])c2ccc(Cl)cc2[n+]1[O-],N#Cc1c(NS(=O)(=O)c2ccccc2[N+](=O)[O-])[n+]([O-])c2ccc(Cl)cc2[n+]1[O-],5.51,Active,IC50,Leishmania amazonensis,L_amazonensis,O=S(=O)(Nc1c[nH+]c2ccccc2[nH+]1)c1ccccc1,CHEMBL1811093,Leishmanicidal activity against axenic amastigotes of Leishmania amazonensis by MTT assay
CHEMBL4064179,N=C1CCN(S(=O)(=O)c2ccc(NC(=O)c3ccc([N+](=O)[O-])o3)cc2)CC1,N=C1CCN(S(=O)(=O)c2ccc(NC(=O)c3ccc([N+](=O)[O-])o3)cc2)CC1,4.98,Inactive,EC50,Leishmania amazonensis,L_amazonensis,N=C1CCN(S(=O)(=O)c2ccc(NC(=O)c3ccco3)cc2)CC1,CHEMBL3996935,Anti-parasitic activity against Leishmania amazonensis promastigotes after 44 hrs by CellTiter-Blue assay
CHEMBL5573238,NS(=O)(=O)c1ccc(-n2cc(Cn3cnc([N+](=O)[O-])n3)nn2)cc1,NS(=O)(=O)c1ccc(-n2cc(Cn3cnc([N+](=O)[O-])n3)nn2)cc1,5.33,Active,IC50,Leishmania amazonensis,L_amazonensis,c1ccc(-n2cc(Cn3cncn3)nn2)cc1,CHEMBL5529588,Antileishmanial activity against Leishmania amazonensis IFLA/BR/1967/PH8 amastigotes infected in murine peritoneal macrophages incubated for 24 hrs by Giemsa staining based analysis
CHEMBL4562842,Nc1ccc(S(=O)(=O)[N-][N+](=O)[O-])cc1,Nc1ccc(S(=O)(=O)[N-][N+](=O)[O-])cc1.[Ag+],5.07,Active,IC50,Leishmania amazonensis,L_amazonensis,c1ccccc1,CHEMBL4433602,Antileishmanial activity against Leishmania amazonensis IFLA/BR/1967/PH8 promastigotes assessed as reduction in parasite viability IFLA/BR/1967/PH8 after 48 hrs by resazurin dye based assay
CHEMBL4476550,Nc1cccc(S(=O)(=O)[N-][N+](=O)[O-])c1,Nc1cccc(S(=O)(=O)[N-][N+](=O)[O-])c1.[Ag+],4.78,Inactive,IC50,Leishmania amazonensis,L_amazonensis,c1ccccc1,CHEMBL4433602,Antileishmanial activity against Leishmania amazonensis IFLA/BR/1967/PH8 promastigotes assessed as reduction in parasite viability IFLA/BR/1967/PH8 after 48 hrs by resazurin dye based assay
CHEMBL4245375,O=C(/C=C/c1cccc(S(=O)(=O)Nc2ccccc2)c1)c1ccccc1,O=C(/C=C/c1cccc(S(=O)(=O)Nc2ccccc2)c1)c1ccccc1,5.7,Active,IC50,Leishmania amazonensis,L_amazonensis,O=C(/C=C/c1cccc(S(=O)(=O)Nc2ccccc2)c1)c1ccccc1,CHEMBL4231806,Antileishmanial activity against Leishmania amazonensis MHOM/BR/75/M-2904 strain Lb2904 amastigotes infected in mouse J774A1 cells after 48 hrs by Giemsa staining based microscopic method
CHEMBL3360718,O=C(Nc1ccc(S(=O)(=O)N2CCC(Cl)CC2)cc1)c1ccc([N+](=O)[O-])o1,O=C(Nc1ccc(S(=O)(=O)N2CCC(Cl)CC2)cc1)c1ccc([N+](=O)[O-])o1,5.1,Active,EC50,Leishmania amazonensis,L_amazonensis,O=C(Nc1ccc(S(=O)(=O)N2CCCCC2)cc1)c1ccco1,CHEMBL3996935,Anti-parasitic activity against Leishmania amazonensis promastigotes after 44 hrs by CellTiter-Blue assay
CHEMBL3360717,O=C(Nc1ccc(S(=O)(=O)N2CCC(F)CC2)cc1)c1ccc([N+](=O)[O-])o1,O=C(Nc1ccc(S(=O)(=O)N2CCC(F)CC2)cc1)c1ccc([N+](=O)[O-])o1,5.13,Active,EC50,Leishmania amazonensis,L_amazonensis,O=C(Nc1ccc(S(=O)(=O)N2CCCCC2)cc1)c1ccco1,CHEMBL3996935,Anti-parasitic activity against Leishmania amazonensis promastigotes after 44 hrs by CellTiter-Blue assay
CHEMBL3360715,O=C(Nc1ccc(S(=O)(=O)N2CCC(O)CC2)cc1)c1ccc([N+](=O)[O-])o1,O=C(Nc1ccc(S(=O)(=O)N2CCC(O)CC2)cc1)c1ccc([N+](=O)[O-])o1,5.36,Active,EC50,Leishmania amazonensis,L_amazonensis,O=C(Nc1ccc(S(=O)(=O)N2CCCCC2)cc1)c1ccco1,CHEMBL3996935,Anti-parasitic activity against Leishmania amazonensis promastigotes after 44 hrs by CellTiter-Blue assay
CHEMBL3360721,O=C(Nc1ccc(S(=O)(=O)N2CCC3(CCCCC3)CC2)cc1)c1ccc([N+](=O)[O-])o1,O=C(Nc1ccc(S(=O)(=O)N2CCC3(CCCCC3)CC2)cc1)c1ccc([N+](=O)[O-])o1,5.82,Active,EC50,Leishmania amazonensis,L_amazonensis,O=C(Nc1ccc(S(=O)(=O)N2CCC3(CCCCC3)CC2)cc1)c1ccco1,CHEMBL3996935,Anti-parasitic activity against Leishmania amazonensis promastigotes after 44 hrs by CellTiter-Blue assay
CHEMBL4091964,O=C(Nc1ccc(S(=O)(=O)N2CCC3(CCCCC3)CC2)cc1)c1ccc([N+](=O)[O-])s1,O=C(Nc1ccc(S(=O)(=O)N2CCC3(CCCCC3)CC2)cc1)c1ccc([N+](=O)[O-])s1,7.0,Active,EC50,Leishmania amazonensis,L_amazonensis,O=C(Nc1ccc(S(=O)(=O)N2CCC3(CCCCC3)CC2)cc1)c1cccs1,CHEMBL3996935,Anti-parasitic activity against Leishmania amazonensis promastigotes after 44 hrs by CellTiter-Blue assay
CHEMBL3360716,O=C(Nc1ccc(S(=O)(=O)N2CCCCC2)cc1)c1ccc([N+](=O)[O-])o1,O=C(Nc1ccc(S(=O)(=O)N2CCCCC2)cc1)c1ccc([N+](=O)[O-])o1,4.86,Inactive,EC50,Leishmania amazonensis,L_amazonensis,O=C(Nc1ccc(S(=O)(=O)N2CCCCC2)cc1)c1ccco1,CHEMBL3996935,Anti-parasitic activity against Leishmania amazonensis promastigotes after 44 hrs by CellTiter-Blue assay
CHEMBL1335068,O=C(Nc1ccc(S(=O)(=O)N2CCOCC2)cc1)c1ccc([N+](=O)[O-])o1,O=C(Nc1ccc(S(=O)(=O)N2CCOCC2)cc1)c1ccc([N+](=O)[O-])o1,5.52,Active,EC50,Leishmania amazonensis,L_amazonensis,O=C(Nc1ccc(S(=O)(=O)N2CCOCC2)cc1)c1ccco1,CHEMBL3996935,Anti-parasitic activity against Leishmania amazonensis promastigotes after 44 hrs by CellTiter-Blue assay
CHEMBL1525567,O=C(Nc1ccc(S(=O)(=O)N2CCOCC2)cc1)c1ccc([N+](=O)[O-])s1,O=C(Nc1ccc(S(=O)(=O)N2CCOCC2)cc1)c1ccc([N+](=O)[O-])s1,5.89,Active,EC50,Leishmania amazonensis,L_amazonensis,O=C(Nc1ccc(S(=O)(=O)N2CCOCC2)cc1)c1cccs1,CHEMBL3996935,Anti-parasitic activity against Leishmania amazonensis promastigotes after 44 hrs by CellTiter-Blue assay
CHEMBL4089566,O=C(Nc1cccc(S(=O)(=O)N2CCOCC2)c1)c1ccc([N+](=O)[O-])o1,O=C(Nc1cccc(S(=O)(=O)N2CCOCC2)c1)c1ccc([N+](=O)[O-])o1,6.05,Active,EC50,Leishmania amazonensis,L_amazonensis,O=C(Nc1cccc(S(=O)(=O)N2CCOCC2)c1)c1ccco1,CHEMBL3996935,Anti-parasitic activity against Leishmania amazonensis promastigotes after 44 hrs by CellTiter-Blue assay
CHEMBL3085896,O=S(=O)(Nc1ccc2[nH]ncc2c1)c1ccc(F)cc1,O=S(=O)(Nc1ccc2[nH]ncc2c1)c1ccc(F)cc1,3.9366666410482503,Inactive,IC50,Leishmania amazonensis,L_amazonensis,O=S(=O)(Nc1ccc2[nH]ncc2c1)c1ccccc1,CHEMBL3090726,Leishmanicidal activity against extracellular promastigote stage of Leishmania amazonensis MHOM/Br/79/Maria assessed as reduction of parasite load after 48 hrs by resazurin dye-based fluorometric analysis
CHEMBL3085897,O=S(=O)(Nc1ccc2[nH]ncc2c1)c1cccc2ccccc12,O=S(=O)(Nc1ccc2[nH]ncc2c1)c1cccc2ccccc12,4.42,Inactive,IC50,Leishmania amazonensis,L_amazonensis,O=S(=O)(Nc1ccc2[nH]ncc2c1)c1cccc2ccccc12,CHEMBL3090726,Leishmanicidal activity against extracellular promastigote stage of Leishmania amazonensis MHOM/Br/79/Maria assessed as reduction of parasite load after 48 hrs by resazurin dye-based fluorometric analysis
CHEMBL3085895,O=S(=O)(Nc1ccc2[nH]ncc2c1)c1ccccc1,O=S(=O)(Nc1ccc2[nH]ncc2c1)c1ccccc1,4.46,Inactive,IC50,Leishmania amazonensis,L_amazonensis,O=S(=O)(Nc1ccc2[nH]ncc2c1)c1ccccc1,CHEMBL3090716,Leishmanicidal activity against intracellular amastigote stage of Leishmania amazonensis MHOM/Br/79/Maria infected in mouse J774 cells assessed as reduction of parasite load after 48 hrs by resazurin dye-based fluorometric analysis
CHEMBL424146,O=S(=O)(Nc1ccc2c[nH]nc2c1)c1ccc(Cl)cc1,O=S(=O)(Nc1ccc2c[nH]nc2c1)c1ccc(Cl)cc1,4.23,Inactive,IC50,Leishmania amazonensis,L_amazonensis,O=S(=O)(Nc1ccc2c[nH]nc2c1)c1ccccc1,CHEMBL3090726,Leishmanicidal activity against extracellular promastigote stage of Leishmania amazonensis MHOM/Br/79/Maria assessed as reduction of parasite load after 48 hrs by resazurin dye-based fluorometric analysis
CHEMBL3085899,O=S(=O)(Nc1ccc2c[nH]nc2c1)c1ccc(F)cc1,O=S(=O)(Nc1ccc2cn[nH]c2c1)c1ccc(F)cc1,3.9669785553170893,Inactive,IC50,Leishmania amazonensis,L_amazonensis,O=S(=O)(Nc1ccc2c[nH]nc2c1)c1ccccc1,CHEMBL3090726,Leishmanicidal activity against extracellular promastigote stage of Leishmania amazonensis MHOM/Br/79/Maria assessed as reduction of parasite load after 48 hrs by resazurin dye-based fluorometric analysis
CHEMBL3085888,O=S(=O)(Nc1ccc2nccnc2c1)c1ccc(Cl)cc1,O=S(=O)(Nc1ccc2nccnc2c1)c1ccc(Cl)cc1,4.33,Inactive,IC50,Leishmania amazonensis,L_amazonensis,O=S(=O)(Nc1ccc2nccnc2c1)c1ccccc1,CHEMBL3090726,Leishmanicidal activity against extracellular promastigote stage of Leishmania amazonensis MHOM/Br/79/Maria assessed as reduction of parasite load after 48 hrs by resazurin dye-based fluorometric analysis
CHEMBL3085889,O=S(=O)(Nc1ccc2nccnc2c1)c1ccc(F)cc1,O=S(=O)(Nc1ccc2nccnc2c1)c1ccc(F)cc1,4.85,Inactive,IC50,Leishmania amazonensis,L_amazonensis,O=S(=O)(Nc1ccc2nccnc2c1)c1ccccc1,CHEMBL3090726,Leishmanicidal activity against extracellular promastigote stage of Leishmania amazonensis MHOM/Br/79/Maria assessed as reduction of parasite load after 48 hrs by resazurin dye-based fluorometric analysis
CHEMBL3085901,O=S(=O)(Nc1ccc2ncsc2c1)c1ccccc1,O=S(=O)(Nc1ccc2ncsc2c1)c1ccccc1,4.095000000000001,Inactive,IC50,Leishmania amazonensis,L_amazonensis,O=S(=O)(Nc1ccc2ncsc2c1)c1ccccc1,CHEMBL3090716,Leishmanicidal activity against intracellular amastigote stage of Leishmania amazonensis MHOM/Br/79/Maria infected in mouse J774 cells assessed as reduction of parasite load after 48 hrs by resazurin dye-based fluorometric analysis
CHEMBL394918,O=S(=O)(Nc1cccc2cccnc12)c1cc(Br)c(Br)s1,O=S(=O)(Nc1cccc2cccnc12)c1cc(Br)c(Br)s1,5.54,Active,IC50,Leishmania amazonensis,L_amazonensis,O=S(=O)(Nc1cccc2cccnc12)c1cccs1,CHEMBL900365,Antiprotozoal activity against Leishmania amazonensis 575 in vero cells
CHEMBL239272,O=S(=O)(Nc1cccc2cccnc12)c1cc(F)cc(F)c1,O=S(=O)(Nc1cccc2cccnc12)c1cc(F)cc(F)c1,5.67,Active,IC50,Leishmania amazonensis,L_amazonensis,O=S(=O)(Nc1cccc2cccnc12)c1ccccc1,CHEMBL900365,Antiprotozoal activity against Leishmania amazonensis 575 in vero cells
CHEMBL240550,O=S(=O)(Nc1cccc2cccnc12)c1ccc(-c2ccccc2)cc1,O=S(=O)(Nc1cccc2cccnc12)c1ccc(-c2ccccc2)cc1,5.2,Active,IC50,Leishmania amazonensis,L_amazonensis,O=S(=O)(Nc1cccc2cccnc12)c1ccc(-c2ccccc2)cc1,CHEMBL900365,Antiprotozoal activity against Leishmania amazonensis 575 in vero cells
CHEMBL239478,O=S(=O)(Nc1cccc2cccnc12)c1ccc(Br)cc1,O=S(=O)(Nc1cccc2cccnc12)c1ccc(Br)cc1,5.31,Active,IC50,Leishmania amazonensis,L_amazonensis,O=S(=O)(Nc1cccc2cccnc12)c1ccccc1,CHEMBL900365,Antiprotozoal activity against Leishmania amazonensis 575 in vero cells
CHEMBL240549,O=S(=O)(Nc1cccc2cccnc12)c1cnc(Cl)c(Br)c1,O=S(=O)(Nc1cccc2cccnc12)c1cnc(Cl)c(Br)c1,5.65,Active,IC50,Leishmania amazonensis,L_amazonensis,O=S(=O)(Nc1cccc2cccnc12)c1cccnc1,CHEMBL900365,Antiprotozoal activity against Leishmania amazonensis 575 in vero cells
CHEMBL3085885,O=S(=O)(Nc1cccc2cnccc12)c1ccc(Cl)cc1,O=S(=O)(Nc1cccc2cnccc12)c1ccc(Cl)cc1,5.08,Active,IC50,Leishmania amazonensis,L_amazonensis,O=S(=O)(Nc1cccc2cnccc12)c1ccccc1,CHEMBL3090726,Leishmanicidal activity against extracellular promastigote stage of Leishmania amazonensis MHOM/Br/79/Maria assessed as reduction of parasite load after 48 hrs by resazurin dye-based fluorometric analysis
CHEMBL4647491,O=S(=O)(Nc1cccc2cnccc12)c1ccc2ccccc2c1,O=S(=O)(Nc1cccc2cnccc12)c1ccc2ccccc2c1,4.37,Inactive,IC50,Leishmania amazonensis,L_amazonensis,O=S(=O)(Nc1cccc2cnccc12)c1ccc2ccccc2c1,CHEMBL4602742,Antileishmanial activity against Leishmania amazonensis
CHEMBL3085886,O=S(=O)(Nc1cccc2cnccc12)c1cccc2ccccc12,O=S(=O)(Nc1cccc2cnccc12)c1cccc2ccccc12,4.49,Inactive,IC50,Leishmania amazonensis,L_amazonensis,O=S(=O)(Nc1cccc2cnccc12)c1cccc2ccccc12,CHEMBL3090716,Leishmanicidal activity against intracellular amastigote stage of Leishmania amazonensis MHOM/Br/79/Maria infected in mouse J774 cells assessed as reduction of parasite load after 48 hrs by resazurin dye-based fluorometric analysis
CHEMBL3085906,O=S(=O)(Nc1nccc2ccccc12)c1ccc(Cl)cc1,O=S(=O)(Nc1nccc2ccccc12)c1ccc(Cl)cc1,4.08,Inactive,IC50,Leishmania amazonensis,L_amazonensis,O=S(=O)(Nc1nccc2ccccc12)c1ccccc1,CHEMBL3090726,Leishmanicidal activity against extracellular promastigote stage of Leishmania amazonensis MHOM/Br/79/Maria assessed as reduction of parasite load after 48 hrs by resazurin dye-based fluorometric analysis
CHEMBL3085907,O=S(=O)(Nc1nccc2ccccc12)c1ccccc1,O=S(=O)(Nc1nccc2ccccc12)c1ccccc1,4.03,Inactive,IC50,Leishmania amazonensis,L_amazonensis,O=S(=O)(Nc1nccc2ccccc12)c1ccccc1,CHEMBL3090726,Leishmanicidal activity against extracellular promastigote stage of Leishmania amazonensis MHOM/Br/79/Maria assessed as reduction of parasite load after 48 hrs by resazurin dye-based fluorometric analysis
CHEMBL594199,O=[N+]([O-])c1ccc(S(=O)(=O)Nc2ccc3[nH]ncc3c2)cc1,O=[N+]([O-])c1ccc(S(=O)(=O)Nc2ccc3[nH]ncc3c2)cc1,4.18,Inactive,IC50,Leishmania amazonensis,L_amazonensis,O=S(=O)(Nc1ccc2[nH]ncc2c1)c1ccccc1,CHEMBL3090726,Leishmanicidal activity against extracellular promastigote stage of Leishmania amazonensis MHOM/Br/79/Maria assessed as reduction of parasite load after 48 hrs by resazurin dye-based fluorometric analysis
CHEMBL3085898,O=[N+]([O-])c1ccc(S(=O)(=O)Nc2ccc3c[nH]nc3c2)cc1,O=[N+]([O-])c1ccc(S(=O)(=O)Nc2ccc3cn[nH]c3c2)cc1,4.22,Inactive,IC50,Leishmania amazonensis,L_amazonensis,O=S(=O)(Nc1ccc2c[nH]nc2c1)c1ccccc1,CHEMBL3090726,Leishmanicidal activity against extracellular promastigote stage of Leishmania amazonensis MHOM/Br/79/Maria assessed as reduction of parasite load after 48 hrs by resazurin dye-based fluorometric analysis
CHEMBL3085887,O=[N+]([O-])c1ccc(S(=O)(=O)Nc2ccc3nccnc3c2)cc1,O=[N+]([O-])c1ccc(S(=O)(=O)Nc2ccc3nccnc3c2)cc1,3.7039933306863277,Inactive,IC50,Leishmania amazonensis,L_amazonensis,O=S(=O)(Nc1ccc2nccnc2c1)c1ccccc1,CHEMBL3090726,Leishmanicidal activity against extracellular promastigote stage of Leishmania amazonensis MHOM/Br/79/Maria assessed as reduction of parasite load after 48 hrs by resazurin dye-based fluorometric analysis
CHEMBL3085900,O=[N+]([O-])c1ccc(S(=O)(=O)Nc2ccc3ncsc3c2)cc1,O=[N+]([O-])c1ccc(S(=O)(=O)Nc2ccc3ncsc3c2)cc1,4.05,Inactive,IC50,Leishmania amazonensis,L_amazonensis,O=S(=O)(Nc1ccc2ncsc2c1)c1ccccc1,CHEMBL3090726,Leishmanicidal activity against extracellular promastigote stage of Leishmania amazonensis MHOM/Br/79/Maria assessed as reduction of parasite load after 48 hrs by resazurin dye-based fluorometric analysis
CHEMBL3085905,O=[N+]([O-])c1ccc(S(=O)(=O)Nc2nccc3ccccc23)cc1,O=[N+]([O-])c1ccc(S(=O)(=O)Nc2nccc3ccccc23)cc1,4.57,Inactive,IC50,Leishmania amazonensis,L_amazonensis,O=S(=O)(Nc1nccc2ccccc12)c1ccccc1,CHEMBL3090726,Leishmanicidal activity against extracellular promastigote stage of Leishmania amazonensis MHOM/Br/79/Maria assessed as reduction of parasite load after 48 hrs by resazurin dye-based fluorometric analysis
CHEMBL593264,O=[N+]([O-])c1ccc(S(=O)(=O)Nc2ncccn2)cc1,O=[N+]([O-])c1ccc(S(=O)(=O)Nc2ncccn2)cc1,4.16,Inactive,IC50,Leishmania amazonensis,L_amazonensis,O=S(=O)(Nc1ncccn1)c1ccccc1,CHEMBL3090726,Leishmanicidal activity against extracellular promastigote stage of Leishmania amazonensis MHOM/Br/79/Maria assessed as reduction of parasite load after 48 hrs by resazurin dye-based fluorometric analysis
