descriptor,mi_freq,rf_freq,mean_freq
VR3_A,0.44,0.88,0.66
VE2_A,0.4,0.84,0.62
PEOE_VSA9,0.96,0.28,0.62
VR1_A,0.32,0.68,0.5
SlogP_VSA2,0.88,0.08,0.48
PEOE_VSA1,0.04,0.88,0.46
BCUTs-1l,0.88,0.04,0.46
SMR_VSA6,0.88,0.04,0.46
ATSC0i,0.8,0.08,0.44
GATS1pe,0.0,0.88,0.44
BCUTse-1l,0.84,0.0,0.42
GGI9,0.12,0.68,0.4
BCUTdv-1h,0.76,0.0,0.38
Kier3,0.24,0.52,0.38
BCUTZ-1l,0.76,0.0,0.38
BCUTc-1l,0.64,0.0,0.32
GGI8,0.04,0.6,0.32
ATS0Z,0.0,0.6,0.3
AMID_O,0.08,0.52,0.3
GATS5s,0.0,0.6,0.3
Xc-5d,0.52,0.0,0.26
GATS1se,0.04,0.48,0.26
JGI5,0.04,0.44,0.24
ATS8dv,0.0,0.44,0.22
PEOE_VSA2,0.4,0.0,0.2
ATS8s,0.0,0.4,0.2
ATS1Z,0.0,0.4,0.2
MATS1c,0.12,0.28,0.2
ETA_dEpsilon_D,0.08,0.28,0.18000000000000002
SlogP_VSA1,0.12,0.24,0.18
ATS7Z,0.0,0.36,0.18
PEOE_VSA3,0.32,0.0,0.16
AATSC0p,0.0,0.28,0.14
SM1_Dzse,0.28,0.0,0.14
ZMIC3,0.08,0.2,0.14
MINaasC,0.0,0.24,0.12
SlogP_VSA5,0.2,0.0,0.1
SlogP_VSA10,0.2,0.0,0.1
AATSC1v,0.0,0.2,0.1
SpAbs_A,0.2,0.0,0.1
RotRatio,0.2,0.0,0.1
ATSC2c,0.0,0.2,0.1
ATS7dv,0.0,0.2,0.1
GGI10,0.08,0.12,0.1
SMR_VSA3,0.2,0.0,0.1
mZagreb1,0.0,0.16,0.08
AETA_alpha,0.16,0.0,0.08
EState_VSA8,0.16,0.0,0.08
BCUTv-1l,0.16,0.0,0.08
ETA_eta_B,0.16,0.0,0.08
ETA_dAlpha_B,0.16,0.0,0.08
GATS5se,0.0,0.16,0.08
MDEC-33,0.16,0.0,0.08
AATSC1c,0.0,0.16,0.08
ATSC2se,0.12,0.0,0.06
ETA_epsilon_5,0.0,0.12,0.06
AATSC2c,0.0,0.12,0.06
SdssC,0.0,0.12,0.06
NdssC,0.0,0.12,0.06
BCUTd-1l,0.12,0.0,0.06
nHBDon,0.0,0.12,0.06
Xc-3d,0.12,0.0,0.06
SlogP_VSA3,0.12,0.0,0.06
EState_VSA3,0.12,0.0,0.06
TSRW10,0.04,0.08,0.06
Xc-5dv,0.12,0.0,0.06
TopoPSA(NO),0.12,0.0,0.06
EState_VSA1,0.08,0.0,0.04
GATS1i,0.0,0.08,0.04
SM1_DzZ,0.08,0.0,0.04
VSA_EState2,0.08,0.0,0.04
SMR_VSA5,0.08,0.0,0.04
GATS1s,0.04,0.04,0.04
GATS8c,0.0,0.08,0.04
BCUTc-1h,0.08,0.0,0.04
Xc-4dv,0.0,0.08,0.04
ATSC1c,0.0,0.08,0.04
JGI10,0.04,0.04,0.04
MATS8c,0.0,0.04,0.02
ATSC0Z,0.0,0.04,0.02
ATS5Z,0.0,0.04,0.02
nF,0.04,0.0,0.02
nX,0.04,0.0,0.02
GATS1Z,0.0,0.04,0.02
GATS8s,0.0,0.04,0.02
Xc-6dv,0.04,0.0,0.02
C2SP2,0.04,0.0,0.02
Xpc-4d,0.04,0.0,0.02
NssNH,0.0,0.04,0.02
Xch-6dv,0.04,0.0,0.02
AETA_eta_R,0.04,0.0,0.02
BalabanJ,0.04,0.0,0.02
SIC4,0.04,0.0,0.02
ZMIC1,0.0,0.04,0.02
MATS4Z,0.04,0.0,0.02
SLogP,0.0,0.04,0.02
FilterItLogS,0.0,0.04,0.02
GGI6,0.0,0.04,0.02
ATSC2i,0.04,0.0,0.02
BCUTdv-1l,0.04,0.0,0.02
ATS2s,0.0,0.04,0.02
GATS2i,0.0,0.04,0.02
PEOE_VSA8,0.04,0.0,0.02
AATS7p,0.0,0.0,0.0
AATS8p,0.0,0.0,0.0
AATS0i,0.0,0.0,0.0
AATS1i,0.0,0.0,0.0
AATS2i,0.0,0.0,0.0
AATS3i,0.0,0.0,0.0
AATS4i,0.0,0.0,0.0
AATS5i,0.0,0.0,0.0
AATS6i,0.0,0.0,0.0
AATS7i,0.0,0.0,0.0
AATS8i,0.0,0.0,0.0
ATSC0c,0.0,0.0,0.0
ATSC3c,0.0,0.0,0.0
ATSC4c,0.0,0.0,0.0
ATSC5c,0.0,0.0,0.0
ATSC6c,0.0,0.0,0.0
ATSC7c,0.0,0.0,0.0
ATSC8c,0.0,0.0,0.0
ATSC1dv,0.0,0.0,0.0
ATSC2dv,0.0,0.0,0.0
ATSC3dv,0.0,0.0,0.0
ATSC4dv,0.0,0.0,0.0
ATSC5dv,0.0,0.0,0.0
ATSC6dv,0.0,0.0,0.0
ATSC7dv,0.0,0.0,0.0
ATSC8dv,0.0,0.0,0.0
ATSC1d,0.0,0.0,0.0
ATSC2d,0.0,0.0,0.0
ATSC3d,0.0,0.0,0.0
ATSC4d,0.0,0.0,0.0
ATSC5d,0.0,0.0,0.0
ATSC6d,0.0,0.0,0.0
ATSC7d,0.0,0.0,0.0
ATSC8d,0.0,0.0,0.0
ATSC1s,0.0,0.0,0.0
ATSC2s,0.0,0.0,0.0
ATSC3s,0.0,0.0,0.0
ATSC4s,0.0,0.0,0.0
ATSC5s,0.0,0.0,0.0
ATSC6s,0.0,0.0,0.0
ATSC7s,0.0,0.0,0.0
ATSC8s,0.0,0.0,0.0
ATSC1Z,0.0,0.0,0.0
ATSC2Z,0.0,0.0,0.0
ATSC3Z,0.0,0.0,0.0
ATSC4Z,0.0,0.0,0.0
ATSC5Z,0.0,0.0,0.0
ATSC6Z,0.0,0.0,0.0
ATSC7Z,0.0,0.0,0.0
ATSC8Z,0.0,0.0,0.0
ATSC1v,0.0,0.0,0.0
ATSC2v,0.0,0.0,0.0
ATSC3v,0.0,0.0,0.0
ATSC4v,0.0,0.0,0.0
ATSC5v,0.0,0.0,0.0
ATSC6v,0.0,0.0,0.0
ATSC7v,0.0,0.0,0.0
ATSC8v,0.0,0.0,0.0
ATSC0se,0.0,0.0,0.0
ATSC1se,0.0,0.0,0.0
ATSC3se,0.0,0.0,0.0
ATSC4se,0.0,0.0,0.0
ATSC5se,0.0,0.0,0.0
ATSC6se,0.0,0.0,0.0
ATSC7se,0.0,0.0,0.0
ATSC8se,0.0,0.0,0.0
ATSC1pe,0.0,0.0,0.0
ATSC3pe,0.0,0.0,0.0
ATSC0p,0.0,0.0,0.0
ATSC1p,0.0,0.0,0.0
ATSC2p,0.0,0.0,0.0
ATSC3p,0.0,0.0,0.0
ATSC4p,0.0,0.0,0.0
ATSC5p,0.0,0.0,0.0
ATSC6p,0.0,0.0,0.0
ATSC7p,0.0,0.0,0.0
ATSC8p,0.0,0.0,0.0
ATSC1i,0.0,0.0,0.0
ATSC3i,0.0,0.0,0.0
ATSC4i,0.0,0.0,0.0
ATSC5i,0.0,0.0,0.0
ATSC6i,0.0,0.0,0.0
ATSC7i,0.0,0.0,0.0
ATSC8i,0.0,0.0,0.0
AATSC0c,0.0,0.0,0.0
AATSC3c,0.0,0.0,0.0
AATSC4c,0.0,0.0,0.0
AATSC5c,0.0,0.0,0.0
AATSC6c,0.0,0.0,0.0
AATSC7c,0.0,0.0,0.0
AATSC8c,0.0,0.0,0.0
AATSC0dv,0.0,0.0,0.0
AATSC1dv,0.0,0.0,0.0
AATSC2dv,0.0,0.0,0.0
AATSC3dv,0.0,0.0,0.0
AATSC4dv,0.0,0.0,0.0
AATSC5dv,0.0,0.0,0.0
AATSC6dv,0.0,0.0,0.0
AATSC7dv,0.0,0.0,0.0
AATSC8dv,0.0,0.0,0.0
AATSC0d,0.0,0.0,0.0
AATSC1d,0.0,0.0,0.0
AATSC2d,0.0,0.0,0.0
AATSC3d,0.0,0.0,0.0
AATSC4d,0.0,0.0,0.0
AATSC5d,0.0,0.0,0.0
AATSC6d,0.0,0.0,0.0
AATSC7d,0.0,0.0,0.0
AATSC8d,0.0,0.0,0.0
AATSC1s,0.0,0.0,0.0
AATSC2s,0.0,0.0,0.0
AATSC3s,0.0,0.0,0.0
AATSC4s,0.0,0.0,0.0
AATSC5s,0.0,0.0,0.0
AATSC6s,0.0,0.0,0.0
AATSC7s,0.0,0.0,0.0
AATSC8s,0.0,0.0,0.0
AATSC0Z,0.0,0.0,0.0
AATSC1Z,0.0,0.0,0.0
AATSC2Z,0.0,0.0,0.0
AATSC3Z,0.0,0.0,0.0
AATSC4Z,0.0,0.0,0.0
AATSC5Z,0.0,0.0,0.0
AATSC6Z,0.0,0.0,0.0
AATSC7Z,0.0,0.0,0.0
AATSC8Z,0.0,0.0,0.0
AATSC3v,0.0,0.0,0.0
AATSC4v,0.0,0.0,0.0
AATSC5v,0.0,0.0,0.0
AATSC6v,0.0,0.0,0.0
AATSC7v,0.0,0.0,0.0
AATSC8v,0.0,0.0,0.0
AATSC0se,0.0,0.0,0.0
AATSC1se,0.0,0.0,0.0
AATSC2se,0.0,0.0,0.0
AATSC3se,0.0,0.0,0.0
AATSC4se,0.0,0.0,0.0
AATSC5se,0.0,0.0,0.0
AATSC6se,0.0,0.0,0.0
AATSC8se,0.0,0.0,0.0
AATSC3pe,0.0,0.0,0.0
AATSC1p,0.0,0.0,0.0
AATSC2p,0.0,0.0,0.0
AATSC3p,0.0,0.0,0.0
AATSC4p,0.0,0.0,0.0
AATSC5p,0.0,0.0,0.0
AATSC6p,0.0,0.0,0.0
AATSC7p,0.0,0.0,0.0
AATSC8p,0.0,0.0,0.0
AATSC1i,0.0,0.0,0.0
AATSC3i,0.0,0.0,0.0
AATSC4i,0.0,0.0,0.0
AATSC5i,0.0,0.0,0.0
AATSC6i,0.0,0.0,0.0
AATSC7i,0.0,0.0,0.0
AATSC8i,0.0,0.0,0.0
MATS5c,0.0,0.0,0.0
MATS6c,0.0,0.0,0.0
MATS7c,0.0,0.0,0.0
MATS1s,0.0,0.0,0.0
MATS2s,0.0,0.0,0.0
MATS3s,0.0,0.0,0.0
MATS4s,0.0,0.0,0.0
MATS5s,0.0,0.0,0.0
MATS6s,0.0,0.0,0.0
MATS7s,0.0,0.0,0.0
MATS8s,0.0,0.0,0.0
MATS1Z,0.0,0.0,0.0
MATS3Z,0.0,0.0,0.0
MATS6Z,0.0,0.0,0.0
MATS1se,0.0,0.0,0.0
MATS2se,0.0,0.0,0.0
MATS3se,0.0,0.0,0.0
MATS4se,0.0,0.0,0.0
MATS5se,0.0,0.0,0.0
MATS6se,0.0,0.0,0.0
MATS7se,0.0,0.0,0.0
MATS8se,0.0,0.0,0.0
MATS1i,0.0,0.0,0.0
MATS2i,0.0,0.0,0.0
MATS3i,0.0,0.0,0.0
MATS4i,0.0,0.0,0.0
MATS5i,0.0,0.0,0.0
MATS6i,0.0,0.0,0.0
MATS7i,0.0,0.0,0.0
GATS1c,0.0,0.0,0.0
GATS2c,0.0,0.0,0.0
GATS3c,0.0,0.0,0.0
GATS4c,0.0,0.0,0.0
GATS5c,0.0,0.0,0.0
GATS6c,0.0,0.0,0.0
GATS7c,0.0,0.0,0.0
GATS1dv,0.0,0.0,0.0
GATS2dv,0.0,0.0,0.0
GATS3dv,0.0,0.0,0.0
GATS4dv,0.0,0.0,0.0
GATS5dv,0.0,0.0,0.0
GATS6dv,0.0,0.0,0.0
GATS7dv,0.0,0.0,0.0
GATS8dv,0.0,0.0,0.0
GATS1d,0.0,0.0,0.0
GATS2d,0.0,0.0,0.0
GATS3d,0.0,0.0,0.0
GATS4d,0.0,0.0,0.0
GATS5d,0.0,0.0,0.0
GATS6d,0.0,0.0,0.0
GATS7d,0.0,0.0,0.0
GATS8d,0.0,0.0,0.0
nAcid,0.0,0.0,0.0
GATS2s,0.0,0.0,0.0
GATS3s,0.0,0.0,0.0
GATS4s,0.0,0.0,0.0
nBase,0.0,0.0,0.0
GATS6s,0.0,0.0,0.0
GATS7s,0.0,0.0,0.0
SpMax_A,0.0,0.0,0.0
SpDiam_A,0.0,0.0,0.0
GATS2Z,0.0,0.0,0.0
GATS3Z,0.0,0.0,0.0
GATS4Z,0.0,0.0,0.0
GATS5Z,0.0,0.0,0.0
GATS6Z,0.0,0.0,0.0
GATS7Z,0.0,0.0,0.0
GATS8Z,0.0,0.0,0.0
GATS1v,0.0,0.0,0.0
GATS2v,0.0,0.0,0.0
GATS3v,0.0,0.0,0.0
GATS4v,0.0,0.0,0.0
GATS5v,0.0,0.0,0.0
GATS6v,0.0,0.0,0.0
GATS7v,0.0,0.0,0.0
GATS8v,0.0,0.0,0.0
SpMAD_A,0.0,0.0,0.0
GATS2se,0.0,0.0,0.0
GATS3se,0.0,0.0,0.0
GATS4se,0.0,0.0,0.0
ATS4dv,0.0,0.0,0.0
GATS6se,0.0,0.0,0.0
GATS7se,0.0,0.0,0.0
GATS8se,0.0,0.0,0.0
nAromAtom,0.0,0.0,0.0
GATS1p,0.0,0.0,0.0
GATS2p,0.0,0.0,0.0
GATS3p,0.0,0.0,0.0
GATS4p,0.0,0.0,0.0
GATS5p,0.0,0.0,0.0
GATS6p,0.0,0.0,0.0
GATS7p,0.0,0.0,0.0
GATS8p,0.0,0.0,0.0
nAtom,0.0,0.0,0.0
nSpiro,0.0,0.0,0.0
GATS3i,0.0,0.0,0.0
GATS4i,0.0,0.0,0.0
GATS5i,0.0,0.0,0.0
GATS6i,0.0,0.0,0.0
GATS7i,0.0,0.0,0.0
GATS8i,0.0,0.0,0.0
nBridgehead,0.0,0.0,0.0
nHetero,0.0,0.0,0.0
nN,0.0,0.0,0.0
nO,0.0,0.0,0.0
BCUTd-1h,0.0,0.0,0.0
nS,0.0,0.0,0.0
nCl,0.0,0.0,0.0
nBr,0.0,0.0,0.0
BCUTv-1h,0.0,0.0,0.0
ATS0dv,0.0,0.0,0.0
ATS1dv,0.0,0.0,0.0
ATS5dv,0.0,0.0,0.0
ATS6dv,0.0,0.0,0.0
SM1_Dzv,0.0,0.0,0.0
ATS0s,0.0,0.0,0.0
BertzCT,0.0,0.0,0.0
nBondsD,0.0,0.0,0.0
nBondsT,0.0,0.0,0.0
RNCG,0.0,0.0,0.0
RPCG,0.0,0.0,0.0
C2SP1,0.0,0.0,0.0
C1SP2,0.0,0.0,0.0
ATS4s,0.0,0.0,0.0
C3SP2,0.0,0.0,0.0
C1SP3,0.0,0.0,0.0
C2SP3,0.0,0.0,0.0
C3SP3,0.0,0.0,0.0
C4SP3,0.0,0.0,0.0
HybRatio,0.0,0.0,0.0
Xch-3d,0.0,0.0,0.0
Xch-4d,0.0,0.0,0.0
Xch-5d,0.0,0.0,0.0
Xch-6d,0.0,0.0,0.0
Xch-7d,0.0,0.0,0.0
Xch-4dv,0.0,0.0,0.0
Xch-5dv,0.0,0.0,0.0
ATS5s,0.0,0.0,0.0
Xch-7dv,0.0,0.0,0.0
ATS6s,0.0,0.0,0.0
Xc-4d,0.0,0.0,0.0
ATS7s,0.0,0.0,0.0
Xc-6d,0.0,0.0,0.0
Xc-3dv,0.0,0.0,0.0
AATS0dv,0.0,0.0,0.0
AATS1dv,0.0,0.0,0.0
AATS3dv,0.0,0.0,0.0
AATS4dv,0.0,0.0,0.0
Xpc-5d,0.0,0.0,0.0
Xpc-4dv,0.0,0.0,0.0
Xpc-5dv,0.0,0.0,0.0
AXp-1d,0.0,0.0,0.0
AXp-2d,0.0,0.0,0.0
AXp-3d,0.0,0.0,0.0
AXp-4d,0.0,0.0,0.0
AXp-5d,0.0,0.0,0.0
AXp-6d,0.0,0.0,0.0
AXp-7d,0.0,0.0,0.0
AXp-0dv,0.0,0.0,0.0
AXp-1dv,0.0,0.0,0.0
AXp-2dv,0.0,0.0,0.0
AXp-3dv,0.0,0.0,0.0
AXp-4dv,0.0,0.0,0.0
NsCH3,0.0,0.0,0.0
NdCH2,0.0,0.0,0.0
NssCH2,0.0,0.0,0.0
NdsCH,0.0,0.0,0.0
NaaCH,0.0,0.0,0.0
NsssCH,0.0,0.0,0.0
AATS5dv,0.0,0.0,0.0
NaasC,0.0,0.0,0.0
NaaaC,0.0,0.0,0.0
NssssC,0.0,0.0,0.0
NsNH2,0.0,0.0,0.0
NdNH,0.0,0.0,0.0
AATS6dv,0.0,0.0,0.0
NaaNH,0.0,0.0,0.0
NdsN,0.0,0.0,0.0
NaaN,0.0,0.0,0.0
NsssN,0.0,0.0,0.0
NddsN,0.0,0.0,0.0
NaasN,0.0,0.0,0.0
NsOH,0.0,0.0,0.0
NdO,0.0,0.0,0.0
NssO,0.0,0.0,0.0
NaaO,0.0,0.0,0.0
NssS,0.0,0.0,0.0
NaaS,0.0,0.0,0.0
NddssS,0.0,0.0,0.0
SssCH2,0.0,0.0,0.0
SsssCH,0.0,0.0,0.0
AATS7dv,0.0,0.0,0.0
SaasC,0.0,0.0,0.0
SddssS,0.0,0.0,0.0
SssSe,0.0,0.0,0.0
MAXaaCH,0.0,0.0,0.0
MAXaasC,0.0,0.0,0.0
MAXdO,0.0,0.0,0.0
MAXddssS,0.0,0.0,0.0
MINaaCH,0.0,0.0,0.0
AATS8dv,0.0,0.0,0.0
MINdO,0.0,0.0,0.0
AATS0d,0.0,0.0,0.0
AATS2d,0.0,0.0,0.0
ETA_shape_y,0.0,0.0,0.0
ETA_shape_x,0.0,0.0,0.0
AETA_beta,0.0,0.0,0.0
AETA_beta_s,0.0,0.0,0.0
ETA_beta_ns_d,0.0,0.0,0.0
AETA_beta_ns_d,0.0,0.0,0.0
AETA_eta,0.0,0.0,0.0
AETA_eta_L,0.0,0.0,0.0
AATS3d,0.0,0.0,0.0
AETA_eta_RL,0.0,0.0,0.0
AETA_eta_F,0.0,0.0,0.0
AATS4d,0.0,0.0,0.0
ETA_dAlpha_A,0.0,0.0,0.0
AATS5d,0.0,0.0,0.0
ETA_epsilon_3,0.0,0.0,0.0
AATS6d,0.0,0.0,0.0
ETA_dEpsilon_B,0.0,0.0,0.0
AATS7d,0.0,0.0,0.0
ETA_psi_1,0.0,0.0,0.0
fMF,0.0,0.0,0.0
nHBAcc,0.0,0.0,0.0
AATS8d,0.0,0.0,0.0
IC0,0.0,0.0,0.0
IC1,0.0,0.0,0.0
IC2,0.0,0.0,0.0
IC3,0.0,0.0,0.0
SIC0,0.0,0.0,0.0
SIC1,0.0,0.0,0.0
SIC2,0.0,0.0,0.0
SIC3,0.0,0.0,0.0
AATS1s,0.0,0.0,0.0
MIC0,0.0,0.0,0.0
MIC1,0.0,0.0,0.0
MIC2,0.0,0.0,0.0
AATS3s,0.0,0.0,0.0
ZMIC2,0.0,0.0,0.0
AATS4s,0.0,0.0,0.0
AATS5s,0.0,0.0,0.0
Lipinski,0.0,0.0,0.0
GhoseFilter,0.0,0.0,0.0
AATS6s,0.0,0.0,0.0
AATS7s,0.0,0.0,0.0
AATS8s,0.0,0.0,0.0
AATS0Z,0.0,0.0,0.0
PEOE_VSA4,0.0,0.0,0.0
PEOE_VSA5,0.0,0.0,0.0
PEOE_VSA6,0.0,0.0,0.0
PEOE_VSA7,0.0,0.0,0.0
AATS1Z,0.0,0.0,0.0
AATS3Z,0.0,0.0,0.0
PEOE_VSA10,0.0,0.0,0.0
PEOE_VSA11,0.0,0.0,0.0
PEOE_VSA12,0.0,0.0,0.0
PEOE_VSA13,0.0,0.0,0.0
SMR_VSA1,0.0,0.0,0.0
SMR_VSA2,0.0,0.0,0.0
AATS4Z,0.0,0.0,0.0
SMR_VSA4,0.0,0.0,0.0
AATS5Z,0.0,0.0,0.0
AATS6Z,0.0,0.0,0.0
SMR_VSA9,0.0,0.0,0.0
AATS7Z,0.0,0.0,0.0
AATS8Z,0.0,0.0,0.0
AATS0v,0.0,0.0,0.0
SlogP_VSA4,0.0,0.0,0.0
AATS3v,0.0,0.0,0.0
SlogP_VSA7,0.0,0.0,0.0
SlogP_VSA8,0.0,0.0,0.0
AATS4v,0.0,0.0,0.0
SlogP_VSA11,0.0,0.0,0.0
AATS5v,0.0,0.0,0.0
EState_VSA2,0.0,0.0,0.0
AATS6v,0.0,0.0,0.0
EState_VSA4,0.0,0.0,0.0
EState_VSA5,0.0,0.0,0.0
EState_VSA6,0.0,0.0,0.0
ETA_shape_p,0.0,0.0,0.0
AATS7v,0.0,0.0,0.0
EState_VSA9,0.0,0.0,0.0
AATS8v,0.0,0.0,0.0
VSA_EState3,0.0,0.0,0.0
VSA_EState4,0.0,0.0,0.0
VSA_EState5,0.0,0.0,0.0
VSA_EState6,0.0,0.0,0.0
VSA_EState7,0.0,0.0,0.0
VSA_EState8,0.0,0.0,0.0
VSA_EState9,0.0,0.0,0.0
MDEC-22,0.0,0.0,0.0
MDEC-23,0.0,0.0,0.0
AATS3se,0.0,0.0,0.0
MDEO-11,0.0,0.0,0.0
AMID_h,0.0,0.0,0.0
AMID_N,0.0,0.0,0.0
AATS4se,0.0,0.0,0.0
piPC9,0.0,0.0,0.0
n4Ring,0.0,0.0,0.0
n5Ring,0.0,0.0,0.0
n6Ring,0.0,0.0,0.0
n7Ring,0.0,0.0,0.0
nHRing,0.0,0.0,0.0
n6HRing,0.0,0.0,0.0
n5aRing,0.0,0.0,0.0
n6aRing,0.0,0.0,0.0
naHRing,0.0,0.0,0.0
n6aHRing,0.0,0.0,0.0
nARing,0.0,0.0,0.0
n5ARing,0.0,0.0,0.0
n6ARing,0.0,0.0,0.0
nAHRing,0.0,0.0,0.0
n5AHRing,0.0,0.0,0.0
n6AHRing,0.0,0.0,0.0
nFRing,0.0,0.0,0.0
n8FRing,0.0,0.0,0.0
n9FRing,0.0,0.0,0.0
n10FRing,0.0,0.0,0.0
n12FRing,0.0,0.0,0.0
nG12FRing,0.0,0.0,0.0
nG12FHRing,0.0,0.0,0.0
n9FaRing,0.0,0.0,0.0
n10FaRing,0.0,0.0,0.0
nG12FaRing,0.0,0.0,0.0
n10FaHRing,0.0,0.0,0.0
VE1_A,0.0,0.0,0.0
n9FARing,0.0,0.0,0.0
n10FARing,0.0,0.0,0.0
nG12FARing,0.0,0.0,0.0
nRot,0.0,0.0,0.0
AATS5se,0.0,0.0,0.0
AATS6se,0.0,0.0,0.0
AATS7se,0.0,0.0,0.0
TopoPSA,0.0,0.0,0.0
GGI3,0.0,0.0,0.0
GGI4,0.0,0.0,0.0
GGI5,0.0,0.0,0.0
AATS8se,0.0,0.0,0.0
GGI7,0.0,0.0,0.0
AATS0p,0.0,0.0,0.0
nFARing,0.0,0.0,0.0
AATS3p,0.0,0.0,0.0
JGI1,0.0,0.0,0.0
JGI2,0.0,0.0,0.0
JGI3,0.0,0.0,0.0
JGI4,0.0,0.0,0.0
AATS4p,0.0,0.0,0.0
JGI6,0.0,0.0,0.0
JGI7,0.0,0.0,0.0
JGI8,0.0,0.0,0.0
JGI9,0.0,0.0,0.0
AATS5p,0.0,0.0,0.0
JGT10,0.0,0.0,0.0
TopoShapeIndex,0.0,0.0,0.0
SRW05,0.0,0.0,0.0
AATS6p,0.0,0.0,0.0
EState_VSA7,0.0,0.0,0.0
